IP地址,数据中心,地区,城市,网络延迟
172.67.78.103,HKG,Asia Pacific,Hong Kong,128 ms
104.26.7.52,HKG,Asia Pacific,Hong Kong,129 ms
104.26.4.213,HKG,Asia Pacific,Hong Kong,130 ms
172.67.74.74,HKG,Asia Pacific,Hong Kong,131 ms
104.26.13.82,HKG,Asia Pacific,Hong Kong,133 ms
172.67.69.82,HKG,Asia Pacific,Hong Kong,133 ms
172.67.75.100,HKG,Asia Pacific,Hong Kong,134 ms
172.67.76.76,HKG,Asia Pacific,Hong Kong,134 ms
172.67.73.68,HKG,Asia Pacific,Hong Kong,134 ms
104.26.6.54,HKG,Asia Pacific,Hong Kong,135 ms
172.67.79.168,HKG,Asia Pacific,Hong Kong,135 ms
104.26.2.195,HKG,Asia Pacific,Hong Kong,138 ms
172.67.68.193,HKG,Asia Pacific,Hong Kong,138 ms
172.67.77.178,HKG,Asia Pacific,Hong Kong,140 ms
104.26.8.121,HKG,Asia Pacific,Hong Kong,141 ms
104.26.3.68,HKG,Asia Pacific,Hong Kong,141 ms
104.16.55.85,SJC,North America,San Jose,153 ms
104.16.39.174,SJC,North America,San Jose,154 ms
104.16.31.169,SJC,North America,San Jose,154 ms
104.16.44.131,SJC,North America,San Jose,155 ms
198.41.217.114,SJC,North America,San Jose,156 ms
104.16.53.149,SJC,North America,San Jose,157 ms
104.19.236.7,SJC,North America,San Jose,158 ms
104.16.19.203,SJC,North America,San Jose,159 ms
104.19.191.18,SJC,North America,San Jose,159 ms
198.41.206.13,SJC,North America,San Jose,160 ms
104.16.54.15,SJC,North America,San Jose,160 ms
141.101.115.240,SJC,North America,San Jose,161 ms
104.19.144.101,SJC,North America,San Jose,162 ms
104.21.228.108,SJC,North America,San Jose,164 ms
108.162.198.24,SJC,North America,San Jose,164 ms
198.41.202.193,SJC,North America,San Jose,164 ms
104.16.57.248,SJC,North America,San Jose,164 ms
104.19.244.173,SJC,North America,San Jose,165 ms
104.16.148.3,SJC,North America,San Jose,165 ms
104.16.74.208,SJC,North America,San Jose,165 ms
104.16.47.143,SJC,North America,San Jose,165 ms
104.19.167.171,SJC,North America,San Jose,165 ms
198.41.203.39,SJC,North America,San Jose,165 ms
104.16.42.77,SJC,North America,San Jose,166 ms
104.16.24.37,SJC,North America,San Jose,166 ms
104.19.152.235,SJC,North America,San Jose,166 ms
104.16.87.93,SJC,North America,San Jose,166 ms
104.19.184.44,SJC,North America,San Jose,166 ms
104.16.68.44,SJC,North America,San Jose,167 ms
104.19.150.65,SJC,North America,San Jose,167 ms
172.64.79.26,SJC,North America,San Jose,168 ms
104.16.52.141,SJC,North America,San Jose,169 ms
104.19.229.69,SJC,North America,San Jose,169 ms
104.20.29.76,HKG,Asia Pacific,Hong Kong,169 ms
104.21.226.69,SJC,North America,San Jose,171 ms
104.16.71.94,SJC,North America,San Jose,172 ms
104.16.88.197,SJC,North America,San Jose,172 ms
104.20.27.195,HKG,Asia Pacific,Hong Kong,172 ms
104.16.84.100,SJC,North America,San Jose,172 ms
104.19.188.74,SJC,North America,San Jose,172 ms
104.19.234.146,SJC,North America,San Jose,173 ms
104.18.161.253,SJC,North America,San Jose,173 ms
104.16.141.8,SJC,North America,San Jose,173 ms
104.19.147.229,SJC,North America,San Jose,174 ms
104.16.150.20,SJC,North America,San Jose,174 ms
104.20.20.161,HKG,Asia Pacific,Hong Kong,174 ms
104.16.38.33,SJC,North America,San Jose,174 ms
104.19.209.139,SJC,North America,San Jose,175 ms
104.21.236.7,SJC,North America,San Jose,175 ms
104.19.221.125,SJC,North America,San Jose,175 ms
104.19.169.134,SJC,North America,San Jose,175 ms
104.19.159.82,SJC,North America,San Jose,175 ms
104.18.166.11,SJC,North America,San Jose,176 ms
104.20.25.233,HKG,Asia Pacific,Hong Kong,176 ms
104.18.181.158,SJC,North America,San Jose,176 ms
104.16.26.230,SJC,North America,San Jose,176 ms
104.21.234.219,SJC,North America,San Jose,177 ms
104.16.17.19,SJC,North America,San Jose,177 ms
104.19.164.181,SJC,North America,San Jose,177 ms
104.21.227.4,SJC,North America,San Jose,177 ms
104.21.232.224,SJC,North America,San Jose,178 ms
104.16.28.19,SJC,North America,San Jose,178 ms
104.21.238.205,SJC,North America,San Jose,179 ms
104.16.16.125,SJC,North America,San Jose,179 ms
104.19.222.171,SJC,North America,San Jose,179 ms
104.20.23.243,HKG,Asia Pacific,Hong Kong,179 ms
104.18.222.127,SJC,North America,San Jose,180 ms
104.18.163.120,SJC,North America,San Jose,180 ms
104.21.237.91,SJC,North America,San Jose,180 ms
104.16.76.131,SJC,North America,San Jose,180 ms
104.19.231.30,SJC,North America,San Jose,180 ms
104.20.24.41,HKG,Asia Pacific,Hong Kong,180 ms
104.16.56.77,SJC,North America,San Jose,181 ms
104.16.21.62,SJC,North America,San Jose,181 ms
104.21.233.52,SJC,North America,San Jose,181 ms
104.21.235.38,SJC,North America,San Jose,181 ms
104.16.20.89,SJC,North America,San Jose,181 ms
198.41.207.7,SJC,North America,San Jose,181 ms
104.16.64.113,SJC,North America,San Jose,181 ms
108.162.196.162,LAX,North America,Los Angeles,181 ms
104.16.86.114,SJC,North America,San Jose,181 ms
104.16.99.9,SJC,North America,San Jose,181 ms
104.19.182.64,SJC,North America,San Jose,182 ms
104.21.1.82,LAX,North America,Los Angeles,182 ms
104.19.242.110,SJC,North America,San Jose,182 ms
104.16.22.206,SJC,North America,San Jose,182 ms
172.64.42.93,LAX,North America,Los Angeles,182 ms
104.18.160.208,SJC,North America,San Jose,182 ms
198.41.219.117,SJC,North America,San Jose,182 ms
198.41.201.55,SJC,North America,San Jose,182 ms
104.18.176.197,SJC,North America,San Jose,183 ms
104.16.36.34,SJC,North America,San Jose,183 ms
104.19.218.233,SJC,North America,San Jose,183 ms
104.18.250.234,SJC,North America,San Jose,184 ms
172.66.43.243,LAX,North America,Los Angeles,184 ms
172.64.72.233,LAX,North America,Los Angeles,184 ms
172.64.153.46,LAX,North America,Los Angeles,184 ms
104.16.73.82,SJC,North America,San Jose,184 ms
104.16.72.28,SJC,North America,San Jose,184 ms
104.19.230.255,SJC,North America,San Jose,184 ms
172.65.255.202,LAX,North America,Los Angeles,185 ms
104.16.40.145,SJC,North America,San Jose,185 ms
104.19.171.165,SJC,North America,San Jose,185 ms
104.18.234.188,SJC,North America,San Jose,185 ms
104.18.124.183,SJC,North America,San Jose,185 ms
162.159.234.73,DEN,North America,Denver,185 ms
104.16.46.39,SJC,North America,San Jose,185 ms
104.19.245.240,SJC,North America,San Jose,185 ms
104.18.219.196,SJC,North America,San Jose,185 ms
172.64.50.230,LAX,North America,Los Angeles,185 ms
104.16.14.149,SJC,North America,San Jose,185 ms
104.19.210.125,SJC,North America,San Jose,185 ms
104.16.51.46,SJC,North America,San Jose,186 ms
172.67.170.210,LAX,North America,Los Angeles,186 ms
104.24.53.109,LAX,North America,Los Angeles,186 ms
104.19.249.231,SJC,North America,San Jose,186 ms
198.41.215.76,LAX,North America,Los Angeles,186 ms
104.18.138.19,SJC,North America,San Jose,187 ms
104.16.25.12,SJC,North America,San Jose,187 ms
190.93.245.44,SJC,North America,San Jose,187 ms
104.24.41.155,LAX,North America,Los Angeles,187 ms
104.19.160.81,SJC,North America,San Jose,187 ms
172.67.84.138,LAX,North America,Los Angeles,187 ms
104.21.66.174,LAX,North America,Los Angeles,187 ms
104.19.233.106,SJC,North America,San Jose,187 ms
104.19.232.27,SJC,North America,San Jose,188 ms
104.16.33.136,SJC,North America,San Jose,188 ms
104.27.88.124,LAX,North America,Los Angeles,188 ms
104.16.115.112,SJC,North America,San Jose,188 ms
198.41.208.168,SJC,North America,San Jose,188 ms
104.27.77.37,LAX,North America,Los Angeles,188 ms
104.16.23.34,SJC,North America,San Jose,188 ms
104.18.145.2,SJC,North America,San Jose,188 ms
104.25.152.173,LAX,North America,Los Angeles,188 ms
104.19.158.202,SJC,North America,San Jose,188 ms
104.19.162.179,SJC,North America,San Jose,188 ms
104.24.161.15,LAX,North America,Los Angeles,188 ms
162.159.128.1,LAX,North America,Los Angeles,189 ms
104.19.180.122,SJC,North America,San Jose,189 ms
104.16.108.137,SJC,North America,San Jose,189 ms
104.18.203.97,SJC,North America,San Jose,189 ms
104.19.161.198,SJC,North America,San Jose,189 ms
104.18.144.0,SJC,North America,San Jose,189 ms
104.18.99.45,SJC,North America,San Jose,189 ms
104.16.102.71,SJC,North America,San Jose,189 ms
104.19.251.249,SJC,North America,San Jose,189 ms
104.25.163.8,LAX,North America,Los Angeles,189 ms
198.41.195.152,LAX,North America,Los Angeles,189 ms
104.19.246.76,SJC,North America,San Jose,189 ms
104.19.168.46,SJC,North America,San Jose,189 ms
104.19.178.187,SJC,North America,San Jose,189 ms
141.101.114.224,SJC,North America,San Jose,190 ms
104.24.193.193,LAX,North America,Los Angeles,190 ms
104.18.211.100,SJC,North America,San Jose,190 ms
104.21.11.155,LAX,North America,Los Angeles,190 ms
172.64.69.119,LAX,North America,Los Angeles,190 ms
190.93.247.58,SJC,North America,San Jose,190 ms
104.16.78.180,SJC,North America,San Jose,190 ms
104.16.106.87,SJC,North America,San Jose,190 ms
104.18.249.69,SJC,North America,San Jose,190 ms
104.16.124.114,SJC,North America,San Jose,190 ms
104.19.187.41,SJC,North America,San Jose,190 ms
162.159.241.151,LAX,North America,Los Angeles,190 ms
104.25.8.87,LAX,North America,Los Angeles,190 ms
104.24.174.252,LAX,North America,Los Angeles,190 ms
162.159.207.188,LAX,North America,Los Angeles,190 ms
104.21.229.84,SJC,North America,San Jose,190 ms
104.16.62.57,SJC,North America,San Jose,190 ms
104.25.11.25,LAX,North America,Los Angeles,191 ms
172.66.41.25,LAX,North America,Los Angeles,191 ms
104.25.188.140,LAX,North America,Los Angeles,191 ms
162.251.82.174,LAX,North America,Los Angeles,191 ms
104.24.196.237,LAX,North America,Los Angeles,191 ms
104.18.185.190,SJC,North America,San Jose,191 ms
172.67.102.84,LAX,North America,Los Angeles,191 ms
162.159.252.155,LAX,North America,Los Angeles,191 ms
104.19.166.242,SJC,North America,San Jose,191 ms
104.19.107.252,LAX,North America,Los Angeles,191 ms
172.64.52.179,LAX,North America,Los Angeles,191 ms
104.18.183.135,SJC,North America,San Jose,191 ms
104.21.225.224,SJC,North America,San Jose,191 ms
104.16.18.241,SJC,North America,San Jose,191 ms
104.24.129.193,LAX,North America,Los Angeles,191 ms
172.67.195.153,LAX,North America,Los Angeles,191 ms
162.159.33.121,LAX,North America,Los Angeles,191 ms
104.19.145.76,SJC,North America,San Jose,191 ms
198.41.218.181,LAX,North America,Los Angeles,192 ms
104.18.143.1,SJC,North America,San Jose,192 ms
198.41.204.30,SJC,North America,San Jose,192 ms
104.16.116.36,SJC,North America,San Jose,192 ms
104.18.119.66,SJC,North America,San Jose,192 ms
104.24.140.224,LAX,North America,Los Angeles,192 ms
104.27.59.121,LAX,North America,Los Angeles,192 ms
104.18.237.78,SJC,North America,San Jose,192 ms
104.18.149.10,SJC,North America,San Jose,192 ms
104.19.211.58,SJC,North America,San Jose,192 ms
104.19.146.81,SJC,North America,San Jose,192 ms
104.21.231.236,SJC,North America,San Jose,192 ms
104.19.177.151,SJC,North America,San Jose,192 ms
104.16.27.90,SJC,North America,San Jose,192 ms
162.159.254.191,LAX,North America,Los Angeles,192 ms
104.24.66.68,LAX,North America,Los Angeles,192 ms
198.41.194.183,LAX,North America,Los Angeles,193 ms
104.18.227.1,SJC,North America,San Jose,193 ms
162.159.45.173,LAX,North America,Los Angeles,193 ms
104.27.100.35,LAX,North America,Los Angeles,193 ms
104.19.156.156,SJC,North America,San Jose,193 ms
172.64.67.97,LAX,North America,Los Angeles,193 ms
104.21.224.231,SJC,North America,San Jose,193 ms
104.19.181.182,SJC,North America,San Jose,193 ms
198.41.200.182,SJC,North America,San Jose,193 ms
104.16.140.223,SJC,North America,San Jose,193 ms
162.159.248.80,LAX,North America,Los Angeles,193 ms
162.159.12.48,LAX,North America,Los Angeles,193 ms
104.24.71.4,LAX,North America,Los Angeles,193 ms
104.19.172.205,SJC,North America,San Jose,193 ms
104.19.151.131,SJC,North America,San Jose,193 ms
104.18.152.134,SJC,North America,San Jose,193 ms
162.159.49.137,LAX,North America,Los Angeles,193 ms
104.19.111.82,LAX,North America,Los Angeles,193 ms
104.19.176.119,SJC,North America,San Jose,193 ms
104.25.172.103,LAX,North America,Los Angeles,193 ms
104.19.154.205,SJC,North America,San Jose,193 ms
104.25.110.21,LAX,North America,Los Angeles,193 ms
104.24.186.177,LAX,North America,Los Angeles,193 ms
172.64.33.237,LAX,North America,Los Angeles,193 ms
162.159.35.1,LAX,North America,Los Angeles,193 ms
104.31.16.169,LAX,North America,Los Angeles,193 ms
104.16.95.247,SJC,North America,San Jose,193 ms
104.18.126.251,SJC,North America,San Jose,194 ms
104.19.240.58,SJC,North America,San Jose,194 ms
104.19.235.211,SJC,North America,San Jose,194 ms
104.24.87.175,LAX,North America,Los Angeles,194 ms
104.19.165.206,SJC,North America,San Jose,194 ms
172.64.145.20,LAX,North America,Los Angeles,194 ms
172.67.83.155,LAX,North America,Los Angeles,194 ms
104.16.15.97,SJC,North America,San Jose,194 ms
104.19.183.2,SJC,North America,San Jose,194 ms
104.19.174.3,SJC,North America,San Jose,194 ms
104.18.112.109,SJC,North America,San Jose,194 ms
104.18.132.238,SJC,North America,San Jose,194 ms
104.18.241.127,SJC,North America,San Jose,194 ms
104.25.229.86,LAX,North America,Los Angeles,194 ms
104.16.32.135,SJC,North America,San Jose,194 ms
104.17.169.142,SJC,North America,San Jose,194 ms
104.19.238.161,SJC,North America,San Jose,194 ms
104.25.255.148,LAX,North America,Los Angeles,194 ms
104.16.35.131,SJC,North America,San Jose,194 ms
104.19.223.25,SJC,North America,San Jose,194 ms
172.65.222.10,MAD,Europe,Madrid,194 ms
172.64.48.215,LAX,North America,Los Angeles,194 ms
104.25.186.16,LAX,North America,Los Angeles,194 ms
104.18.178.200,SJC,North America,San Jose,194 ms
104.27.56.106,LAX,North America,Los Angeles,195 ms
104.18.182.207,SJC,North America,San Jose,195 ms
104.29.111.18,MUC,Europe,Munich,195 ms
104.16.65.5,SJC,North America,San Jose,195 ms
104.24.56.247,LAX,North America,Los Angeles,195 ms
162.159.10.68,LAX,North America,Los Angeles,195 ms
104.16.145.230,SJC,North America,San Jose,195 ms
162.159.60.179,LAX,North America,Los Angeles,195 ms
104.16.82.228,SJC,North America,San Jose,195 ms
104.16.83.107,SJC,North America,San Jose,195 ms
104.16.90.239,SJC,North America,San Jose,195 ms
162.159.196.193,LAX,North America,Los Angeles,195 ms
104.18.96.255,SJC,North America,San Jose,195 ms
104.18.141.5,SJC,North America,San Jose,195 ms
172.66.47.10,LAX,North America,Los Angeles,195 ms
104.19.104.44,LAX,North America,Los Angeles,195 ms
104.16.61.60,SJC,North America,San Jose,195 ms
172.64.34.172,LAX,North America,Los Angeles,195 ms
104.20.30.103,HKG,Asia Pacific,Hong Kong,195 ms
198.41.223.49,LAX,North America,Los Angeles,195 ms
104.18.154.170,SJC,North America,San Jose,195 ms
104.24.76.233,LAX,North America,Los Angeles,195 ms
172.64.147.206,LAX,North America,Los Angeles,196 ms
104.19.217.214,SJC,North America,San Jose,196 ms
104.18.118.116,SJC,North America,San Jose,196 ms
172.64.152.209,LAX,North America,Los Angeles,196 ms
162.159.251.58,LAX,North America,Los Angeles,196 ms
172.64.230.6,LAX,North America,Los Angeles,196 ms
162.159.38.185,LAX,North America,Los Angeles,196 ms
104.16.70.65,SJC,North America,San Jose,196 ms
104.16.67.239,SJC,North America,San Jose,196 ms
162.159.249.158,LAX,North America,Los Angeles,196 ms
104.19.189.207,SJC,North America,San Jose,196 ms
104.19.153.38,SJC,North America,San Jose,196 ms
104.25.187.250,LAX,North America,Los Angeles,196 ms
104.19.155.49,SJC,North America,San Jose,196 ms
104.18.158.100,SJC,North America,San Jose,196 ms
104.24.163.13,LAX,North America,Los Angeles,196 ms
162.159.250.100,LAX,North America,Los Angeles,196 ms
104.16.49.49,SJC,North America,San Jose,196 ms
162.159.27.72,LAX,North America,Los Angeles,196 ms
172.67.98.243,LAX,North America,Los Angeles,196 ms
104.25.203.255,LAX,North America,Los Angeles,196 ms
104.16.85.126,SJC,North America,San Jose,196 ms
104.25.150.75,LAX,North America,Los Angeles,196 ms
198.41.214.120,LAX,North America,Los Angeles,196 ms
104.27.74.234,LAX,North America,Los Angeles,196 ms
104.16.146.190,SJC,North America,San Jose,197 ms
104.16.43.246,SJC,North America,San Jose,197 ms
172.64.35.40,LAX,North America,Los Angeles,197 ms
172.64.148.88,LAX,North America,Los Angeles,197 ms
104.16.48.137,SJC,North America,San Jose,197 ms
104.19.148.239,SJC,North America,San Jose,197 ms
172.67.242.70,LAX,North America,Los Angeles,197 ms
104.16.100.59,SJC,North America,San Jose,197 ms
162.159.5.223,LAX,North America,Los Angeles,197 ms
198.41.199.209,LAX,North America,Los Angeles,197 ms
162.159.16.211,LAX,North America,Los Angeles,197 ms
162.159.153.25,LAX,North America,Los Angeles,197 ms
162.159.22.197,LAX,North America,Los Angeles,197 ms
162.159.32.180,LAX,North America,Los Angeles,197 ms
104.18.146.77,SJC,North America,San Jose,198 ms
162.159.48.62,LAX,North America,Los Angeles,198 ms
104.19.179.138,SJC,North America,San Jose,198 ms
162.159.20.40,LAX,North America,Los Angeles,198 ms
162.159.19.251,LAX,North America,Los Angeles,198 ms
104.19.201.140,LAX,North America,Los Angeles,198 ms
162.159.15.74,LAX,North America,Los Angeles,198 ms
104.25.84.190,LAX,North America,Los Angeles,198 ms
104.16.41.48,SJC,North America,San Jose,198 ms
198.41.196.254,LAX,North America,Los Angeles,198 ms
104.18.252.136,SJC,North America,San Jose,198 ms
104.16.149.87,SJC,North America,San Jose,198 ms
173.245.58.143,LAX,North America,Los Angeles,198 ms
162.159.242.138,LAX,North America,Los Angeles,198 ms
104.24.236.255,LAX,North America,Los Angeles,198 ms
104.24.235.135,LAX,North America,Los Angeles,198 ms
104.25.123.170,LAX,North America,Los Angeles,198 ms
162.159.7.230,LAX,North America,Los Angeles,198 ms
104.24.153.254,LAX,North America,Los Angeles,198 ms
104.17.168.206,SJC,North America,San Jose,199 ms
104.27.86.139,LAX,North America,Los Angeles,199 ms
104.19.108.79,LAX,North America,Los Angeles,199 ms
198.41.209.30,SJC,North America,San Jose,199 ms
104.24.150.50,LAX,North America,Los Angeles,199 ms
104.24.230.131,LAX,North America,Los Angeles,199 ms
104.24.89.97,LAX,North America,Los Angeles,199 ms
162.159.243.202,LAX,North America,Los Angeles,199 ms
198.41.197.223,LAX,North America,Los Angeles,199 ms
104.24.220.89,LAX,North America,Los Angeles,199 ms
162.159.255.80,LAX,North America,Los Angeles,199 ms
162.159.46.2,LAX,North America,Los Angeles,199 ms
172.64.155.179,LAX,North America,Los Angeles,199 ms
162.159.24.199,LAX,North America,Los Angeles,199 ms
162.159.21.203,LAX,North America,Los Angeles,199 ms
162.159.23.207,LAX,North America,Los Angeles,199 ms
104.24.139.64,LAX,North America,Los Angeles,199 ms
104.16.240.62,SJC,North America,San Jose,199 ms
198.41.193.151,LAX,North America,Los Angeles,199 ms
104.16.60.42,SJC,North America,San Jose,199 ms
104.18.130.234,SJC,North America,San Jose,199 ms
172.67.91.65,LAX,North America,Los Angeles,199 ms
104.19.216.40,SJC,North America,San Jose,199 ms
104.19.127.70,LAX,North America,Los Angeles,199 ms
162.159.43.245,LAX,North America,Los Angeles,200 ms
104.19.116.151,LAX,North America,Los Angeles,200 ms
104.17.64.165,SJC,North America,San Jose,200 ms
104.16.91.112,SJC,North America,San Jose,200 ms
104.18.220.231,SJC,North America,San Jose,200 ms
104.18.98.207,SJC,North America,San Jose,200 ms
104.19.239.45,SJC,North America,San Jose,200 ms
104.24.154.168,LAX,North America,Los Angeles,200 ms
104.19.203.163,LAX,North America,Los Angeles,200 ms
104.16.155.16,SJC,North America,San Jose,200 ms
104.17.254.219,SJC,North America,San Jose,200 ms
104.18.115.59,SJC,North America,San Jose,200 ms
104.16.37.17,SJC,North America,San Jose,200 ms
104.16.238.160,SJC,North America,San Jose,200 ms
172.66.0.68,LAX,North America,Los Angeles,200 ms
104.18.155.181,SJC,North America,San Jose,200 ms
104.19.200.71,LAX,North America,Los Angeles,200 ms
141.101.121.15,LAX,North America,Los Angeles,200 ms
104.21.230.97,SJC,North America,San Jose,200 ms
104.18.242.242,SJC,North America,San Jose,200 ms
104.19.80.102,LAX,North America,Los Angeles,200 ms
172.64.38.149,LAX,North America,Los Angeles,200 ms
104.19.84.160,LAX,North America,Los Angeles,201 ms
172.64.159.194,LAX,North America,Los Angeles,201 ms
104.27.49.136,LAX,North America,Los Angeles,201 ms
162.159.36.223,LAX,North America,Los Angeles,201 ms
104.25.196.8,LAX,North America,Los Angeles,201 ms
162.159.26.142,LAX,North America,Los Angeles,201 ms
104.19.215.144,SJC,North America,San Jose,201 ms
104.16.79.74,SJC,North America,San Jose,201 ms
104.19.237.153,SJC,North America,San Jose,201 ms
108.162.193.207,LAX,North America,Los Angeles,201 ms
108.162.194.99,LAX,North America,Los Angeles,201 ms
104.19.196.0,LAX,North America,Los Angeles,201 ms
172.65.209.164,FRA,Europe,Frankfurt,201 ms
162.159.246.61,LAX,North America,Los Angeles,201 ms
104.19.173.173,SJC,North America,San Jose,201 ms
104.18.225.50,SJC,North America,San Jose,201 ms
172.64.146.65,LAX,North America,Los Angeles,201 ms
104.18.84.147,SJC,North America,San Jose,201 ms
104.18.236.215,SJC,North America,San Jose,201 ms
162.159.8.209,LAX,North America,Los Angeles,202 ms
104.24.68.53,LAX,North America,Los Angeles,202 ms
104.25.138.146,LAX,North America,Los Angeles,202 ms
104.18.151.170,SJC,North America,San Jose,202 ms
104.24.8.105,LAX,North America,Los Angeles,202 ms
162.159.2.204,LAX,North America,Los Angeles,202 ms
162.159.0.35,LAX,North America,Los Angeles,202 ms
104.19.219.190,SJC,North America,San Jose,202 ms
141.101.122.192,LAX,North America,Los Angeles,202 ms
104.17.56.197,SJC,North America,San Jose,202 ms
104.17.185.129,SJC,North America,San Jose,202 ms
104.18.186.255,SJC,North America,San Jose,202 ms
198.41.216.14,LAX,North America,Los Angeles,202 ms
173.245.59.44,LAX,North America,Los Angeles,202 ms
104.21.239.60,SJC,North America,San Jose,202 ms
173.245.49.220,LAX,North America,Los Angeles,202 ms
104.24.133.68,LAX,North America,Los Angeles,202 ms
104.19.163.189,SJC,North America,San Jose,202 ms
1.0.0.110,LAX,North America,Los Angeles,202 ms
8.39.214.112,LAX,North America,Los Angeles,202 ms
172.66.44.110,LAX,North America,Los Angeles,202 ms
104.18.108.41,SJC,North America,San Jose,202 ms
172.66.40.11,LAX,North America,Los Angeles,202 ms
104.24.200.213,LAX,North America,Los Angeles,202 ms
104.19.206.89,LAX,North America,Los Angeles,202 ms
198.217.251.178,LAX,North America,Los Angeles,202 ms
104.17.240.90,SJC,North America,San Jose,202 ms
104.27.95.31,LAX,North America,Los Angeles,203 ms
162.159.11.73,LAX,North America,Los Angeles,203 ms
162.159.34.209,LAX,North America,Los Angeles,203 ms
104.24.23.133,LAX,North America,Los Angeles,203 ms
172.64.176.36,LAX,North America,Los Angeles,203 ms
104.18.153.25,SJC,North America,San Jose,203 ms
104.18.168.212,SJC,North America,San Jose,203 ms
104.25.9.153,LAX,North America,Los Angeles,203 ms
162.159.14.25,LAX,North America,Los Angeles,203 ms
104.17.50.1,SJC,North America,San Jose,203 ms
162.159.17.27,LAX,North America,Los Angeles,203 ms
162.159.237.20,SJC,North America,San Jose,203 ms
172.64.144.159,LAX,North America,Los Angeles,203 ms
104.24.146.103,LAX,North America,Los Angeles,203 ms
104.27.51.5,LAX,North America,Los Angeles,203 ms
104.18.107.54,SJC,North America,San Jose,203 ms
104.24.254.124,LAX,North America,Los Angeles,203 ms
104.18.190.104,SJC,North America,San Jose,203 ms
104.16.126.231,SJC,North America,San Jose,203 ms
172.64.157.238,LAX,North America,Los Angeles,203 ms
104.24.206.226,LAX,North America,Los Angeles,204 ms
162.159.206.231,LAX,North America,Los Angeles,204 ms
185.146.173.253,LAX,North America,Los Angeles,204 ms
104.16.143.250,SJC,North America,San Jose,204 ms
104.24.32.252,LAX,North America,Los Angeles,204 ms
104.18.195.243,SJC,North America,San Jose,204 ms
162.159.42.28,LAX,North America,Los Angeles,204 ms
104.16.147.89,SJC,North America,San Jose,204 ms
104.19.243.186,SJC,North America,San Jose,204 ms
172.67.94.21,LAX,North America,Los Angeles,204 ms
104.25.108.234,LAX,North America,Los Angeles,204 ms
104.24.195.216,LAX,North America,Los Angeles,204 ms
104.18.253.191,SJC,North America,San Jose,204 ms
104.16.30.173,SJC,North America,San Jose,204 ms
104.19.94.120,LAX,North America,Los Angeles,204 ms
104.18.167.238,SJC,North America,San Jose,204 ms
104.18.218.79,SJC,North America,San Jose,204 ms
104.25.197.126,LAX,North America,Los Angeles,205 ms
104.24.36.7,LAX,North America,Los Angeles,205 ms
104.18.228.31,SJC,North America,San Jose,205 ms
104.19.5.97,LAX,North America,Los Angeles,205 ms
104.24.74.161,LAX,North America,Los Angeles,205 ms
162.159.194.54,LAX,North America,Los Angeles,205 ms
172.65.241.249,LAX,North America,Los Angeles,205 ms
104.18.200.182,SJC,North America,San Jose,205 ms
104.18.172.100,SJC,North America,San Jose,205 ms
104.18.175.246,SJC,North America,San Jose,205 ms
172.64.229.235,LAX,North America,Los Angeles,205 ms
172.64.32.106,LAX,North America,Los Angeles,205 ms
104.25.155.95,LAX,North America,Los Angeles,205 ms
104.19.214.222,SJC,North America,San Jose,205 ms
104.16.111.10,SJC,North America,San Jose,205 ms
104.21.195.246,LAX,North America,Los Angeles,205 ms
104.24.157.60,LAX,North America,Los Angeles,205 ms
104.18.223.17,SJC,North America,San Jose,205 ms
104.25.167.39,LAX,North America,Los Angeles,205 ms
162.159.236.177,LAX,North America,Los Angeles,205 ms
104.27.109.108,LAX,North America,Los Angeles,205 ms
162.159.41.188,LAX,North America,Los Angeles,205 ms
104.18.248.73,SJC,North America,San Jose,205 ms
104.19.198.168,LAX,North America,Los Angeles,205 ms
104.19.253.60,SJC,North America,San Jose,205 ms
162.159.6.233,LAX,North America,Los Angeles,205 ms
104.19.22.253,LAX,North America,Los Angeles,206 ms
104.19.23.46,LAX,North America,Los Angeles,206 ms
172.64.40.56,LAX,North America,Los Angeles,206 ms
141.101.123.221,LAX,North America,Los Angeles,206 ms
104.24.14.25,LAX,North America,Los Angeles,206 ms
104.19.192.201,LAX,North America,Los Angeles,206 ms
104.18.111.232,SJC,North America,San Jose,206 ms
162.159.61.188,LAX,North America,Los Angeles,206 ms
104.29.125.226,MUC,Europe,Munich,206 ms
104.16.136.29,SJC,North America,San Jose,206 ms
172.65.218.77,LAX,North America,Los Angeles,206 ms
172.66.42.155,LAX,North America,Los Angeles,206 ms
104.25.171.158,LAX,North America,Los Angeles,206 ms
172.65.217.172,LAX,North America,Los Angeles,206 ms
172.64.228.101,DEN,North America,Denver,206 ms
104.25.213.193,LAX,North America,Los Angeles,206 ms
104.18.233.128,SJC,North America,San Jose,206 ms
172.67.116.161,LAX,North America,Los Angeles,206 ms
162.159.247.61,LAX,North America,Los Angeles,206 ms
162.159.44.201,LAX,North America,Los Angeles,206 ms
104.25.134.189,LAX,North America,Los Angeles,206 ms
162.159.212.232,SJC,North America,San Jose,206 ms
104.19.185.17,SJC,North America,San Jose,207 ms
104.17.227.128,SJC,North America,San Jose,207 ms
172.67.198.247,LAX,North America,Los Angeles,207 ms
172.64.231.30,LAX,North America,Los Angeles,207 ms
104.16.158.31,SJC,North America,San Jose,207 ms
104.18.226.188,SJC,North America,San Jose,207 ms
104.25.215.13,LAX,North America,Los Angeles,207 ms
108.162.195.240,LAX,North America,Los Angeles,207 ms
104.27.5.145,LAX,North America,Los Angeles,207 ms
104.18.231.137,SJC,North America,San Jose,207 ms
104.25.223.30,LAX,North America,Los Angeles,207 ms
104.18.188.228,SJC,North America,San Jose,207 ms
104.19.97.254,LAX,North America,Los Angeles,207 ms
104.19.199.233,LAX,North America,Los Angeles,207 ms
172.67.113.46,LAX,North America,Los Angeles,207 ms
198.41.192.122,LAX,North America,Los Angeles,207 ms
162.159.213.12,SEA,North America,Seattle,207 ms
172.65.194.28,LAX,North America,Los Angeles,207 ms
104.17.75.207,SJC,North America,San Jose,207 ms
104.17.247.213,SJC,North America,San Jose,207 ms
104.20.63.69,LAX,North America,Los Angeles,208 ms
104.25.15.129,LAX,North America,Los Angeles,208 ms
104.25.248.84,LAX,North America,Los Angeles,208 ms
172.64.49.139,LAX,North America,Los Angeles,208 ms
104.24.2.178,LAX,North America,Los Angeles,208 ms
104.19.247.165,SJC,North America,San Jose,208 ms
104.18.114.158,SJC,North America,San Jose,208 ms
141.101.120.24,LAX,North America,Los Angeles,208 ms
104.18.213.114,SJC,North America,San Jose,208 ms
104.25.235.191,LAX,North America,Los Angeles,208 ms
162.159.4.190,LAX,North America,Los Angeles,208 ms
8.34.70.206,LAX,North America,Los Angeles,208 ms
104.18.205.221,SJC,North America,San Jose,208 ms
104.21.193.90,LAX,North America,Los Angeles,208 ms
172.67.104.15,LAX,North America,Los Angeles,208 ms
104.27.75.240,LAX,North America,Los Angeles,209 ms
104.16.10.53,SJC,North America,San Jose,209 ms
104.24.136.104,LAX,North America,Los Angeles,209 ms
104.18.169.250,SJC,North America,San Jose,209 ms
104.18.247.103,SJC,North America,San Jose,209 ms
104.24.11.148,LAX,North America,Los Angeles,209 ms
104.18.106.74,SJC,North America,San Jose,209 ms
104.17.55.186,SJC,North America,San Jose,209 ms
104.18.85.189,SJC,North America,San Jose,209 ms
104.18.196.252,SJC,North America,San Jose,209 ms
104.18.109.126,SJC,North America,San Jose,209 ms
104.18.177.145,SJC,North America,San Jose,209 ms
162.159.253.110,LAX,North America,Los Angeles,209 ms
172.64.151.57,LAX,North America,Los Angeles,209 ms
172.66.2.252,LAX,North America,Los Angeles,209 ms
162.159.240.70,LAX,North America,Los Angeles,209 ms
104.19.252.56,SJC,North America,San Jose,209 ms
104.17.54.162,SJC,North America,San Jose,210 ms
104.16.138.5,SJC,North America,San Jose,210 ms
104.17.165.113,SJC,North America,San Jose,210 ms
104.25.57.8,LAX,North America,Los Angeles,210 ms
104.24.149.254,LAX,North America,Los Angeles,210 ms
104.24.180.142,LAX,North America,Los Angeles,210 ms
104.18.159.34,SJC,North America,San Jose,210 ms
104.18.127.188,SJC,North America,San Jose,210 ms
104.17.53.80,SJC,North America,San Jose,210 ms
162.159.18.36,LAX,North America,Los Angeles,210 ms
104.18.92.36,SJC,North America,San Jose,210 ms
104.19.16.70,LAX,North America,Los Angeles,210 ms
104.27.192.81,LAX,North America,Los Angeles,210 ms
104.25.232.188,LAX,North America,Los Angeles,210 ms
172.64.53.230,LAX,North America,Los Angeles,210 ms
104.18.221.214,SJC,North America,San Jose,210 ms
104.25.91.153,LAX,North America,Los Angeles,211 ms
104.16.96.29,SJC,North America,San Jose,211 ms
104.16.94.104,SJC,North America,San Jose,211 ms
162.159.58.150,LAX,North America,Los Angeles,211 ms
104.16.97.104,SJC,North America,San Jose,211 ms
104.25.158.29,LAX,North America,Los Angeles,211 ms
104.18.210.196,SJC,North America,San Jose,211 ms
104.17.13.233,SJC,North America,San Jose,211 ms
104.17.166.193,SJC,North America,San Jose,211 ms
104.19.88.251,LAX,North America,Los Angeles,211 ms
104.18.137.156,SJC,North America,San Jose,211 ms
162.159.9.69,LAX,North America,Los Angeles,211 ms
104.18.204.5,SJC,North America,San Jose,211 ms
104.18.207.91,SJC,North America,San Jose,211 ms
172.67.150.245,LAX,North America,Los Angeles,211 ms
104.17.179.10,SJC,North America,San Jose,211 ms
104.16.101.242,SJC,North America,San Jose,211 ms
104.25.159.247,LAX,North America,Los Angeles,211 ms
104.16.77.172,SJC,North America,San Jose,211 ms
104.19.55.77,LAX,North America,Los Angeles,211 ms
104.18.240.193,SJC,North America,San Jose,211 ms
104.18.120.22,SJC,North America,San Jose,211 ms
104.19.193.167,LAX,North America,Los Angeles,211 ms
172.65.199.136,MEL,Oceania,Melbourne,211 ms
198.41.222.133,LAX,North America,Los Angeles,211 ms
104.18.116.234,SJC,North America,San Jose,211 ms
104.25.136.156,LAX,North America,Los Angeles,211 ms
104.27.124.204,LAX,North America,Los Angeles,211 ms
1.1.1.106,LAX,North America,Los Angeles,211 ms
172.67.220.199,LAX,North America,Los Angeles,211 ms
162.159.13.86,LAX,North America,Los Angeles,212 ms
104.25.6.157,LAX,North America,Los Angeles,212 ms
104.18.206.162,SJC,North America,San Jose,212 ms
162.159.40.158,LAX,North America,Los Angeles,212 ms
172.66.45.152,LAX,North America,Los Angeles,212 ms
172.67.122.243,LAX,North America,Los Angeles,212 ms
104.18.102.238,SJC,North America,San Jose,212 ms
172.65.223.51,LAX,North America,Los Angeles,212 ms
104.18.90.16,SJC,North America,San Jose,212 ms
104.17.57.252,SJC,North America,San Jose,212 ms
172.66.46.220,LAX,North America,Los Angeles,212 ms
104.18.215.106,SJC,North America,San Jose,212 ms
104.18.216.223,SJC,North America,San Jose,212 ms
162.159.1.53,LAX,North America,Los Angeles,212 ms
162.159.39.210,LAX,North America,Los Angeles,212 ms
104.27.107.153,LAX,North America,Los Angeles,212 ms
104.18.95.108,SJC,North America,San Jose,212 ms
104.18.105.45,SJC,North America,San Jose,212 ms
104.16.59.249,SJC,North America,San Jose,212 ms
104.17.222.165,SJC,North America,San Jose,212 ms
104.19.186.83,SJC,North America,San Jose,213 ms
104.18.229.203,SJC,North America,San Jose,213 ms
104.19.43.114,LAX,North America,Los Angeles,213 ms
104.24.46.182,LAX,North America,Los Angeles,213 ms
162.159.245.86,LAX,North America,Los Angeles,213 ms
104.18.173.241,SJC,North America,San Jose,213 ms
162.159.130.249,LAX,North America,Los Angeles,213 ms
104.16.109.249,SJC,North America,San Jose,213 ms
104.19.202.56,LAX,North America,Los Angeles,213 ms
104.16.66.79,SJC,North America,San Jose,213 ms
104.25.80.118,LAX,North America,Los Angeles,213 ms
104.18.100.146,SJC,North America,San Jose,213 ms
104.18.197.82,SJC,North America,San Jose,213 ms
104.16.81.35,SJC,North America,San Jose,213 ms
104.17.161.93,SJC,North America,San Jose,213 ms
104.25.210.73,LAX,North America,Los Angeles,214 ms
104.20.8.246,LAX,North America,Los Angeles,214 ms
104.25.105.60,LAX,North America,Los Angeles,214 ms
104.24.73.165,LAX,North America,Los Angeles,214 ms
104.16.139.58,SJC,North America,San Jose,214 ms
104.19.98.54,LAX,North America,Los Angeles,214 ms
172.67.118.230,LAX,North America,Los Angeles,214 ms
104.18.94.164,SJC,North America,San Jose,214 ms
104.18.246.152,SJC,North America,San Jose,214 ms
104.19.113.185,LAX,North America,Los Angeles,214 ms
104.17.51.197,SJC,North America,San Jose,214 ms
104.18.171.11,SJC,North America,San Jose,214 ms
104.19.197.141,LAX,North America,Los Angeles,214 ms
104.17.148.253,SJC,North America,San Jose,214 ms
104.19.190.75,SJC,North America,San Jose,214 ms
104.18.208.97,SJC,North America,San Jose,214 ms
104.18.209.32,SJC,North America,San Jose,214 ms
104.18.162.24,SJC,North America,San Jose,214 ms
104.17.238.214,SJC,North America,San Jose,214 ms
104.17.178.184,SJC,North America,San Jose,214 ms
104.24.128.16,LAX,North America,Los Angeles,214 ms
104.18.103.70,SJC,North America,San Jose,214 ms
104.16.254.174,SJC,North America,San Jose,214 ms
104.17.72.220,SJC,North America,San Jose,214 ms
172.64.150.28,LAX,North America,Los Angeles,215 ms
104.19.72.63,LAX,North America,Los Angeles,215 ms
104.18.113.85,SJC,North America,San Jose,215 ms
104.18.91.102,SJC,North America,San Jose,215 ms
172.64.158.114,LAX,North America,Los Angeles,215 ms
104.17.87.1,SJC,North America,San Jose,215 ms
104.20.60.181,LAX,North America,Los Angeles,215 ms
104.18.189.150,SJC,North America,San Jose,215 ms
104.24.197.219,LAX,North America,Los Angeles,215 ms
104.16.69.94,SJC,North America,San Jose,215 ms
104.18.239.186,SJC,North America,San Jose,215 ms
104.18.128.75,SJC,North America,San Jose,215 ms
104.18.165.62,SJC,North America,San Jose,215 ms
104.19.149.144,SJC,North America,San Jose,215 ms
104.16.142.59,SJC,North America,San Jose,215 ms
162.159.224.94,DEN,North America,Denver,215 ms
104.18.10.107,LAX,North America,Los Angeles,215 ms
108.162.192.132,LAX,North America,Los Angeles,215 ms
172.66.3.226,LAX,North America,Los Angeles,215 ms
104.19.170.232,SJC,North America,San Jose,215 ms
104.27.80.244,LAX,North America,Los Angeles,215 ms
104.16.2.56,SJC,North America,San Jose,215 ms
104.18.198.65,SJC,North America,San Jose,216 ms
104.25.33.26,LAX,North America,Los Angeles,216 ms
104.16.103.42,SJC,North America,San Jose,216 ms
104.25.81.95,LAX,North America,Los Angeles,216 ms
104.19.114.191,LAX,North America,Los Angeles,216 ms
198.41.205.61,SJC,North America,San Jose,216 ms
104.19.205.26,LAX,North America,Los Angeles,216 ms
162.159.25.155,LAX,North America,Los Angeles,216 ms
104.19.207.216,LAX,North America,Los Angeles,216 ms
104.17.38.91,SJC,North America,San Jose,216 ms
104.19.7.167,LAX,North America,Los Angeles,216 ms
104.18.148.19,SJC,North America,San Jose,216 ms
104.18.232.95,SJC,North America,San Jose,217 ms
104.18.255.162,SJC,North America,San Jose,217 ms
104.17.26.76,SJC,North America,San Jose,217 ms
104.17.1.15,SJC,North America,San Jose,217 ms
104.18.199.12,SJC,North America,San Jose,217 ms
104.21.60.110,LAX,North America,Los Angeles,217 ms
104.24.58.13,LAX,North America,Los Angeles,217 ms
104.17.36.62,SJC,North America,San Jose,217 ms
104.18.193.160,SJC,North America,San Jose,217 ms
104.18.97.243,SJC,North America,San Jose,217 ms
104.16.58.232,SJC,North America,San Jose,217 ms
104.19.241.225,SJC,North America,San Jose,217 ms
104.24.84.67,LAX,North America,Los Angeles,217 ms
104.17.154.136,SJC,North America,San Jose,218 ms
104.18.245.20,SJC,North America,San Jose,218 ms
104.17.223.218,SJC,North America,San Jose,218 ms
104.17.234.157,SJC,North America,San Jose,218 ms
104.16.114.240,SJC,North America,San Jose,218 ms
104.18.122.26,SJC,North America,San Jose,218 ms
104.17.78.110,SJC,North America,San Jose,218 ms
104.17.8.235,SJC,North America,San Jose,218 ms
104.17.22.24,SJC,North America,San Jose,218 ms
104.19.56.81,LAX,North America,Los Angeles,218 ms
104.17.195.250,SJC,North America,San Jose,218 ms
104.16.244.232,SJC,North America,San Jose,218 ms
104.18.179.175,SJC,North America,San Jose,218 ms
104.18.135.239,SJC,North America,San Jose,218 ms
104.24.148.77,LAX,North America,Los Angeles,218 ms
104.17.70.186,SJC,North America,San Jose,218 ms
104.16.130.33,SJC,North America,San Jose,218 ms
104.18.134.189,SJC,North America,San Jose,218 ms
104.16.247.202,SJC,North America,San Jose,218 ms
104.24.222.140,LAX,North America,Los Angeles,218 ms
104.20.59.243,LAX,North America,Los Angeles,218 ms
104.16.4.102,SJC,North America,San Jose,218 ms
172.64.154.117,LAX,North America,Los Angeles,219 ms
104.17.74.0,SJC,North America,San Jose,219 ms
104.21.44.160,LAX,North America,Los Angeles,219 ms
172.67.165.57,LAX,North America,Los Angeles,219 ms
104.17.252.8,SJC,North America,San Jose,219 ms
104.17.249.237,SJC,North America,San Jose,219 ms
104.25.239.187,LAX,North America,Los Angeles,219 ms
104.17.71.232,SJC,North America,San Jose,219 ms
104.19.62.237,LAX,North America,Los Angeles,219 ms
104.17.214.107,SJC,North America,San Jose,219 ms
104.17.42.9,SJC,North America,San Jose,219 ms
104.19.90.192,LAX,North America,Los Angeles,219 ms
104.25.59.223,LAX,North America,Los Angeles,219 ms
104.17.47.21,SJC,North America,San Jose,219 ms
104.16.92.133,SJC,North America,San Jose,219 ms
104.16.50.139,SJC,North America,San Jose,220 ms
104.19.27.254,LAX,North America,Los Angeles,220 ms
104.19.248.40,SJC,North America,San Jose,220 ms
104.18.133.134,SJC,North America,San Jose,220 ms
104.16.151.42,SJC,North America,San Jose,220 ms
104.18.121.0,SJC,North America,San Jose,220 ms
104.16.125.81,SJC,North America,San Jose,220 ms
104.17.173.113,SJC,North America,San Jose,220 ms
104.18.142.172,SJC,North America,San Jose,220 ms
104.18.202.225,SJC,North America,San Jose,221 ms
104.17.88.247,SJC,North America,San Jose,221 ms
104.18.139.162,SJC,North America,San Jose,221 ms
104.17.218.243,SJC,North America,San Jose,221 ms
104.16.1.185,SJC,North America,San Jose,221 ms
104.18.194.213,SJC,North America,San Jose,221 ms
104.18.191.214,SJC,North America,San Jose,221 ms
104.18.1.244,LAX,North America,Los Angeles,221 ms
104.16.243.21,SJC,North America,San Jose,221 ms
172.67.222.156,LAX,North America,Los Angeles,221 ms
104.17.172.46,SJC,North America,San Jose,221 ms
104.19.255.234,SJC,North America,San Jose,221 ms
104.18.156.62,SJC,North America,San Jose,221 ms
104.18.235.210,SJC,North America,San Jose,221 ms
104.16.12.249,SJC,North America,San Jose,222 ms
104.16.152.20,SJC,North America,San Jose,222 ms
104.16.117.238,SJC,North America,San Jose,222 ms
172.67.109.111,LAX,North America,Los Angeles,222 ms
104.24.162.163,LAX,North America,Los Angeles,222 ms
104.17.66.198,SJC,North America,San Jose,222 ms
104.19.58.6,LAX,North America,Los Angeles,222 ms
104.19.45.188,LAX,North America,Los Angeles,222 ms
104.17.245.183,SJC,North America,San Jose,222 ms
104.18.201.224,SJC,North America,San Jose,222 ms
104.17.89.62,SJC,North America,San Jose,222 ms
104.17.63.196,SJC,North America,San Jose,222 ms
172.67.100.31,LAX,North America,Los Angeles,222 ms
104.19.59.181,LAX,North America,Los Angeles,222 ms
104.18.101.232,SJC,North America,San Jose,222 ms
172.65.90.9,BOM,Asia Pacific,Mumbai,222 ms
104.17.40.121,SJC,North America,San Jose,222 ms
104.18.244.215,SJC,North America,San Jose,222 ms
104.21.39.119,LAX,North America,Los Angeles,223 ms
104.19.26.168,LAX,North America,Los Angeles,223 ms
104.27.87.177,LAX,North America,Los Angeles,223 ms
104.19.213.90,SJC,North America,San Jose,223 ms
104.17.155.183,SJC,North America,San Jose,223 ms
104.17.138.138,SJC,North America,San Jose,223 ms
104.17.145.40,SJC,North America,San Jose,223 ms
104.17.25.163,SJC,North America,San Jose,223 ms
104.18.150.206,SJC,North America,San Jose,224 ms
104.19.204.15,LAX,North America,Los Angeles,224 ms
104.18.230.123,SJC,North America,San Jose,224 ms
104.17.144.173,SJC,North America,San Jose,224 ms
104.18.140.195,SJC,North America,San Jose,224 ms
104.16.0.254,SJC,North America,San Jose,224 ms
104.19.36.60,LAX,North America,Los Angeles,224 ms
104.17.65.79,SJC,North America,San Jose,224 ms
172.67.123.46,LAX,North America,Los Angeles,224 ms
104.19.194.60,LAX,North America,Los Angeles,224 ms
104.16.104.51,SJC,North America,San Jose,224 ms
104.17.37.229,SJC,North America,San Jose,224 ms
104.17.236.159,SJC,North America,San Jose,224 ms
104.20.42.101,LAX,North America,Los Angeles,224 ms
104.18.110.160,SJC,North America,San Jose,225 ms
104.18.174.175,SJC,North America,San Jose,225 ms
104.25.66.98,LAX,North America,Los Angeles,225 ms
104.16.232.143,SJC,North America,San Jose,225 ms
104.16.105.87,SJC,North America,San Jose,225 ms
104.16.121.225,SJC,North America,San Jose,225 ms
104.18.192.14,SJC,North America,San Jose,225 ms
104.17.132.250,SJC,North America,San Jose,225 ms
104.17.153.159,SJC,North America,San Jose,225 ms
104.18.184.15,SJC,North America,San Jose,225 ms
104.19.157.195,SJC,North America,San Jose,225 ms
104.27.106.105,LAX,North America,Los Angeles,225 ms
104.19.208.60,SJC,North America,San Jose,225 ms
104.19.220.126,SJC,North America,San Jose,225 ms
104.17.248.34,SJC,North America,San Jose,226 ms
104.17.158.100,SJC,North America,San Jose,226 ms
104.17.157.101,SJC,North America,San Jose,226 ms
104.25.184.209,LAX,North America,Los Angeles,226 ms
23.227.38.43,LAX,North America,Los Angeles,226 ms
104.24.59.91,LAX,North America,Los Angeles,226 ms
104.29.124.112,MUC,Europe,Munich,226 ms
104.17.29.22,SJC,North America,San Jose,226 ms
104.17.61.249,SJC,North America,San Jose,226 ms
104.17.237.2,SJC,North America,San Jose,226 ms
104.17.67.177,SJC,North America,San Jose,226 ms
104.18.187.189,SJC,North America,San Jose,227 ms
104.17.219.206,SJC,North America,San Jose,227 ms
104.17.233.218,SJC,North America,San Jose,227 ms
104.19.68.91,LAX,North America,Los Angeles,227 ms
104.16.123.177,SJC,North America,San Jose,227 ms
104.16.235.5,SJC,North America,San Jose,227 ms
104.17.242.144,SJC,North America,San Jose,227 ms
104.17.243.166,SJC,North America,San Jose,227 ms
104.18.0.88,LAX,North America,Los Angeles,227 ms
104.17.18.185,SJC,North America,San Jose,227 ms
104.16.144.21,SJC,North America,San Jose,227 ms
104.17.69.234,SJC,North America,San Jose,227 ms
104.18.82.253,SJC,North America,San Jose,227 ms
104.19.4.171,LAX,North America,Los Angeles,227 ms
104.16.98.179,SJC,North America,San Jose,228 ms
104.16.129.188,SJC,North America,San Jose,228 ms
104.17.104.25,SJC,North America,San Jose,228 ms
104.17.230.82,SJC,North America,San Jose,228 ms
104.17.62.0,SJC,North America,San Jose,228 ms
104.17.246.254,SJC,North America,San Jose,228 ms
104.17.93.63,SJC,North America,San Jose,228 ms
104.16.131.144,SJC,North America,San Jose,228 ms
104.16.137.172,SJC,North America,San Jose,228 ms
104.18.123.144,SJC,North America,San Jose,228 ms
104.18.131.159,SJC,North America,San Jose,229 ms
104.16.128.97,SJC,North America,San Jose,229 ms
104.18.214.237,SJC,North America,San Jose,229 ms
104.16.110.37,SJC,North America,San Jose,229 ms
104.17.250.32,SJC,North America,San Jose,229 ms
104.25.89.114,LAX,North America,Los Angeles,229 ms
104.17.224.193,SJC,North America,San Jose,229 ms
104.16.112.137,SJC,North America,San Jose,229 ms
104.16.113.153,SJC,North America,San Jose,229 ms
104.16.251.176,SJC,North America,San Jose,229 ms
104.16.7.236,SJC,North America,San Jose,229 ms
104.17.251.153,SJC,North America,San Jose,230 ms
104.17.24.216,SJC,North America,San Jose,230 ms
103.21.244.235,LAX,North America,Los Angeles,230 ms
104.18.136.188,SJC,North America,San Jose,230 ms
104.27.15.141,LAX,North America,Los Angeles,230 ms
104.16.132.55,SJC,North America,San Jose,230 ms
104.20.10.236,LAX,North America,Los Angeles,230 ms
104.18.74.64,SJC,North America,San Jose,230 ms
104.17.39.78,SJC,North America,San Jose,230 ms
104.17.199.253,SJC,North America,San Jose,231 ms
104.18.88.236,SJC,North America,San Jose,231 ms
104.17.86.28,SJC,North America,San Jose,231 ms
104.24.70.43,LAX,North America,Los Angeles,231 ms
104.17.44.94,SJC,North America,San Jose,231 ms
104.16.157.228,SJC,North America,San Jose,231 ms
104.18.238.61,SJC,North America,San Jose,232 ms
104.19.212.3,SJC,North America,San Jose,232 ms
104.17.198.59,SJC,North America,San Jose,232 ms
104.17.60.30,SJC,North America,San Jose,232 ms
104.17.174.184,SJC,North America,San Jose,232 ms
104.18.147.203,SJC,North America,San Jose,232 ms
8.35.211.96,LAX,North America,Los Angeles,232 ms
104.16.122.171,SJC,North America,San Jose,232 ms
104.17.137.176,SJC,North America,San Jose,232 ms
104.17.232.39,SJC,North America,San Jose,232 ms
104.17.6.17,SJC,North America,San Jose,232 ms
104.16.252.104,SJC,North America,San Jose,232 ms
104.17.152.41,SJC,North America,San Jose,233 ms
104.17.253.11,SJC,North America,San Jose,233 ms
162.159.141.252,LAX,North America,Los Angeles,233 ms
104.17.235.164,SJC,North America,San Jose,233 ms
104.17.244.46,SJC,North America,San Jose,233 ms
104.17.2.112,SJC,North America,San Jose,233 ms
172.67.105.152,LAX,North America,Los Angeles,233 ms
104.17.156.60,SJC,North America,San Jose,233 ms
104.19.25.206,LAX,North America,Los Angeles,233 ms
104.16.120.47,SJC,North America,San Jose,233 ms
104.16.118.147,SJC,North America,San Jose,233 ms
104.18.212.232,SJC,North America,San Jose,233 ms
104.17.128.118,SJC,North America,San Jose,234 ms
104.17.43.73,SJC,North America,San Jose,234 ms
104.16.75.161,SJC,North America,San Jose,234 ms
104.19.50.43,LAX,North America,Los Angeles,234 ms
104.17.189.151,SJC,North America,San Jose,234 ms
104.25.53.14,LAX,North America,Los Angeles,234 ms
104.18.67.215,SJC,North America,San Jose,234 ms
104.18.125.81,SJC,North America,San Jose,234 ms
104.17.85.2,SJC,North America,San Jose,235 ms
104.17.99.171,SJC,North America,San Jose,235 ms
104.16.248.135,SJC,North America,San Jose,235 ms
104.17.76.251,SJC,North America,San Jose,235 ms
104.17.231.196,SJC,North America,San Jose,235 ms
172.64.234.108,DEN,North America,Denver,235 ms
104.17.35.35,SJC,North America,San Jose,235 ms
104.17.45.121,SJC,North America,San Jose,235 ms
104.17.226.237,SJC,North America,San Jose,235 ms
104.17.149.172,SJC,North America,San Jose,235 ms
104.17.58.106,SJC,North America,San Jose,235 ms
104.17.79.70,SJC,North America,San Jose,235 ms
104.16.203.193,SJC,North America,San Jose,236 ms
104.16.200.84,SJC,North America,San Jose,236 ms
104.17.73.131,SJC,North America,San Jose,236 ms
104.17.184.136,SJC,North America,San Jose,236 ms
104.18.180.112,SJC,North America,San Jose,236 ms
104.20.33.134,LAX,North America,Los Angeles,236 ms
104.18.104.30,SJC,North America,San Jose,236 ms
104.17.102.29,SJC,North America,San Jose,236 ms
104.17.225.153,SJC,North America,San Jose,236 ms
104.17.202.81,SJC,North America,San Jose,237 ms
104.16.6.118,SJC,North America,San Jose,237 ms
162.159.140.120,LAX,North America,Los Angeles,237 ms
162.159.138.82,LAX,North America,Los Angeles,237 ms
104.17.220.18,SJC,North America,San Jose,237 ms
104.17.81.84,SJC,North America,San Jose,237 ms
104.17.5.99,SJC,North America,San Jose,237 ms
104.17.80.186,SJC,North America,San Jose,237 ms
104.16.239.101,SJC,North America,San Jose,237 ms
104.20.3.29,LAX,North America,Los Angeles,237 ms
23.227.60.159,LAX,North America,Los Angeles,238 ms
104.16.3.123,SJC,North America,San Jose,238 ms
104.17.186.216,SJC,North America,San Jose,238 ms
104.17.180.11,SJC,North America,San Jose,238 ms
104.16.119.176,SJC,North America,San Jose,238 ms
104.17.163.242,SJC,North America,San Jose,238 ms
104.17.118.93,SJC,North America,San Jose,238 ms
104.18.254.236,SJC,North America,San Jose,238 ms
104.19.126.5,LAX,North America,Los Angeles,238 ms
104.16.169.59,SJC,North America,San Jose,238 ms
104.25.49.26,LAX,North America,Los Angeles,238 ms
104.17.136.49,SJC,North America,San Jose,238 ms
104.20.32.93,LAX,North America,Los Angeles,238 ms
104.20.6.194,LAX,North America,Los Angeles,239 ms
104.16.210.238,SJC,North America,San Jose,239 ms
104.17.188.183,SJC,North America,San Jose,239 ms
104.17.33.27,SJC,North America,San Jose,239 ms
104.18.81.209,SJC,North America,San Jose,239 ms
104.18.157.189,SJC,North America,San Jose,239 ms
104.16.165.5,SJC,North America,San Jose,239 ms
104.18.224.149,SJC,North America,San Jose,239 ms
104.17.84.114,SJC,North America,San Jose,239 ms
104.16.234.6,SJC,North America,San Jose,239 ms
104.17.187.12,SJC,North America,San Jose,240 ms
104.16.250.199,SJC,North America,San Jose,240 ms
104.17.241.150,SJC,North America,San Jose,240 ms
104.17.213.17,SJC,North America,San Jose,240 ms
104.17.14.218,SJC,North America,San Jose,240 ms
104.17.92.233,SJC,North America,San Jose,240 ms
104.16.226.9,SJC,North America,San Jose,240 ms
104.16.209.209,SJC,North America,San Jose,240 ms
104.17.31.135,SJC,North America,San Jose,240 ms
104.20.7.103,LAX,North America,Los Angeles,240 ms
104.17.194.64,SJC,North America,San Jose,240 ms
104.17.229.110,SJC,North America,San Jose,240 ms
104.17.150.209,SJC,North America,San Jose,240 ms
104.17.204.239,SJC,North America,San Jose,240 ms
104.17.205.20,SJC,North America,San Jose,241 ms
104.17.181.23,SJC,North America,San Jose,241 ms
104.17.48.198,SJC,North America,San Jose,241 ms
104.16.236.204,SJC,North America,San Jose,241 ms
104.19.250.55,SJC,North America,San Jose,241 ms
104.16.89.97,SJC,North America,San Jose,241 ms
104.16.219.144,SJC,North America,San Jose,241 ms
104.17.217.129,SJC,North America,San Jose,241 ms
104.17.209.44,SJC,North America,San Jose,241 ms
104.16.127.107,SJC,North America,San Jose,241 ms
104.17.212.59,SJC,North America,San Jose,241 ms
104.17.190.209,SJC,North America,San Jose,241 ms
104.17.94.106,SJC,North America,San Jose,241 ms
104.17.126.119,SJC,North America,San Jose,241 ms
104.17.10.252,SJC,North America,San Jose,242 ms
104.16.237.145,SJC,North America,San Jose,242 ms
104.17.34.191,SJC,North America,San Jose,242 ms
104.19.254.240,SJC,North America,San Jose,242 ms
104.18.78.245,SJC,North America,San Jose,242 ms
104.17.170.55,SJC,North America,San Jose,242 ms
104.17.182.216,SJC,North America,San Jose,242 ms
104.17.16.173,SJC,North America,San Jose,243 ms
104.20.34.205,LAX,North America,Los Angeles,243 ms
104.17.83.190,SJC,North America,San Jose,243 ms
104.16.167.179,SJC,North America,San Jose,243 ms
104.16.186.147,SJC,North America,San Jose,243 ms
104.17.7.208,SJC,North America,San Jose,244 ms
104.17.119.139,SJC,North America,San Jose,244 ms
104.16.172.205,SJC,North America,San Jose,244 ms
162.159.134.120,LAX,North America,Los Angeles,244 ms
104.17.52.251,SJC,North America,San Jose,244 ms
104.17.193.84,SJC,North America,San Jose,244 ms
104.17.164.43,SJC,North America,San Jose,244 ms
104.17.19.203,SJC,North America,San Jose,244 ms
104.17.95.90,SJC,North America,San Jose,244 ms
104.17.90.60,SJC,North America,San Jose,244 ms
104.17.23.27,SJC,North America,San Jose,244 ms
104.18.83.102,SJC,North America,San Jose,245 ms
104.17.3.101,SJC,North America,San Jose,245 ms
104.16.189.173,SJC,North America,San Jose,245 ms
104.17.134.92,SJC,North America,San Jose,245 ms
8.47.69.67,LAX,North America,Los Angeles,245 ms
104.17.105.192,SJC,North America,San Jose,245 ms
23.227.39.173,LAX,North America,Los Angeles,245 ms
104.16.231.77,SJC,North America,San Jose,245 ms
104.17.107.122,SJC,North America,San Jose,245 ms
104.16.162.47,SJC,North America,San Jose,245 ms
104.17.191.200,SJC,North America,San Jose,245 ms
104.16.197.105,SJC,North America,San Jose,245 ms
104.17.140.131,SJC,North America,San Jose,245 ms
104.17.41.219,SJC,North America,San Jose,245 ms
104.18.77.92,SJC,North America,San Jose,245 ms
104.17.177.204,SJC,North America,San Jose,245 ms
104.17.221.67,SJC,North America,San Jose,246 ms
104.17.255.201,SJC,North America,San Jose,246 ms
104.16.107.95,SJC,North America,San Jose,246 ms
162.159.133.24,LAX,North America,Los Angeles,246 ms
104.16.174.151,SJC,North America,San Jose,246 ms
104.17.97.211,SJC,North America,San Jose,246 ms
104.17.171.167,SJC,North America,San Jose,246 ms
104.16.133.145,SJC,North America,San Jose,246 ms
104.17.12.236,SJC,North America,San Jose,246 ms
104.18.2.29,LAX,North America,Los Angeles,246 ms
104.17.117.15,SJC,North America,San Jose,246 ms
104.17.125.29,SJC,North America,San Jose,246 ms
104.16.202.63,SJC,North America,San Jose,246 ms
104.16.230.2,SJC,North America,San Jose,246 ms
104.16.216.100,SJC,North America,San Jose,247 ms
104.17.21.105,SJC,North America,San Jose,247 ms
172.67.106.92,LAX,North America,Los Angeles,247 ms
104.17.32.165,SJC,North America,San Jose,247 ms
104.17.106.125,SJC,North America,San Jose,247 ms
104.16.184.72,SJC,North America,San Jose,247 ms
104.17.115.220,SJC,North America,San Jose,247 ms
104.16.195.32,SJC,North America,San Jose,247 ms
104.16.5.211,SJC,North America,San Jose,247 ms
104.18.89.199,SJC,North America,San Jose,247 ms
104.16.11.11,SJC,North America,San Jose,248 ms
104.25.202.114,LAX,North America,Los Angeles,248 ms
104.16.207.120,SJC,North America,San Jose,248 ms
104.16.171.30,SJC,North America,San Jose,248 ms
104.18.86.226,SJC,North America,San Jose,248 ms
104.17.167.174,SJC,North America,San Jose,248 ms
104.16.214.104,SJC,North America,San Jose,248 ms
104.17.113.102,SJC,North America,San Jose,249 ms
104.17.215.179,SJC,North America,San Jose,249 ms
104.17.159.161,SJC,North America,San Jose,249 ms
104.17.15.242,SJC,North America,San Jose,249 ms
104.16.253.222,SJC,North America,San Jose,249 ms
104.18.93.59,SJC,North America,San Jose,249 ms
104.17.141.67,SJC,North America,San Jose,249 ms
104.17.147.59,SJC,North America,San Jose,249 ms
104.17.216.122,SJC,North America,San Jose,249 ms
104.16.255.27,SJC,North America,San Jose,249 ms
104.17.130.61,SJC,North America,San Jose,250 ms
104.18.129.140,SJC,North America,San Jose,250 ms
104.17.228.255,SJC,North America,San Jose,250 ms
104.16.185.35,SJC,North America,San Jose,250 ms
104.17.196.222,SJC,North America,San Jose,250 ms
104.16.208.6,SJC,North America,San Jose,250 ms
104.16.164.249,SJC,North America,San Jose,250 ms
104.24.166.41,LAX,North America,Los Angeles,250 ms
104.17.111.194,SJC,North America,San Jose,250 ms
104.16.220.191,SJC,North America,San Jose,251 ms
104.17.139.1,SJC,North America,San Jose,251 ms
162.159.129.246,LAX,North America,Los Angeles,251 ms
104.17.109.82,SJC,North America,San Jose,251 ms
104.17.30.67,SJC,North America,San Jose,251 ms
104.16.206.200,SJC,North America,San Jose,251 ms
104.17.98.226,SJC,North America,San Jose,252 ms
104.18.5.105,LAX,North America,Los Angeles,252 ms
104.17.175.165,SJC,North America,San Jose,252 ms
104.17.176.237,SJC,North America,San Jose,252 ms
104.16.217.28,SJC,North America,San Jose,252 ms
104.17.108.163,SJC,North America,San Jose,252 ms
104.16.93.61,SJC,North America,San Jose,252 ms
104.16.188.126,SJC,North America,San Jose,252 ms
104.17.27.173,SJC,North America,San Jose,252 ms
104.16.13.208,SJC,North America,San Jose,252 ms
104.16.166.51,SJC,North America,San Jose,252 ms
104.16.221.9,SJC,North America,San Jose,252 ms
104.17.68.112,SJC,North America,San Jose,252 ms
104.16.227.161,SJC,North America,San Jose,253 ms
104.18.243.240,SJC,North America,San Jose,253 ms
104.17.143.202,SJC,North America,San Jose,253 ms
104.17.151.129,SJC,North America,San Jose,253 ms
104.18.69.123,SJC,North America,San Jose,253 ms
104.17.59.48,SJC,North America,San Jose,253 ms
104.17.123.9,SJC,North America,San Jose,253 ms
162.159.135.78,LAX,North America,Los Angeles,253 ms
104.18.71.95,SJC,North America,San Jose,253 ms
104.17.197.61,SJC,North America,San Jose,253 ms
104.17.91.89,SJC,North America,San Jose,254 ms
104.17.114.124,SJC,North America,San Jose,254 ms
104.16.199.231,SJC,North America,San Jose,254 ms
162.159.136.223,LAX,North America,Los Angeles,254 ms
104.17.142.177,SJC,North America,San Jose,254 ms
104.17.20.59,SJC,North America,San Jose,254 ms
104.18.79.220,SJC,North America,San Jose,254 ms
104.17.49.168,SJC,North America,San Jose,254 ms
104.16.213.132,SJC,North America,San Jose,254 ms
104.16.191.128,SJC,North America,San Jose,254 ms
104.16.173.225,SJC,North America,San Jose,254 ms
104.17.133.121,SJC,North America,San Jose,255 ms
104.16.193.141,SJC,North America,San Jose,255 ms
104.18.46.142,LAX,North America,Los Angeles,255 ms
104.16.228.249,SJC,North America,San Jose,255 ms
104.17.46.95,SJC,North America,San Jose,255 ms
104.17.201.158,SJC,North America,San Jose,255 ms
104.17.112.111,SJC,North America,San Jose,256 ms
104.17.28.190,SJC,North America,San Jose,256 ms
104.18.80.141,SJC,North America,San Jose,256 ms
104.16.190.42,SJC,North America,San Jose,256 ms
104.16.224.42,SJC,North America,San Jose,256 ms
104.17.146.76,SJC,North America,San Jose,256 ms
8.39.125.63,LAX,North America,Los Angeles,256 ms
104.17.162.74,SJC,North America,San Jose,256 ms
104.18.87.237,SJC,North America,San Jose,256 ms
104.16.178.122,SJC,North America,San Jose,256 ms
104.17.82.199,SJC,North America,San Jose,256 ms
104.18.75.75,SJC,North America,San Jose,257 ms
104.16.176.45,SJC,North America,San Jose,257 ms
104.17.206.175,SJC,North America,San Jose,257 ms
104.16.192.217,SJC,North America,San Jose,258 ms
104.17.96.99,SJC,North America,San Jose,258 ms
104.16.175.39,SJC,North America,San Jose,258 ms
162.159.137.168,LAX,North America,Los Angeles,258 ms
104.17.17.150,SJC,North America,San Jose,259 ms
104.17.120.79,SJC,North America,San Jose,259 ms
104.16.170.214,SJC,North America,San Jose,259 ms
104.19.102.141,LAX,North America,Los Angeles,259 ms
104.27.81.23,LAX,North America,Los Angeles,259 ms
104.16.222.169,SJC,North America,San Jose,259 ms
104.16.215.239,SJC,North America,San Jose,259 ms
104.16.212.81,SJC,North America,San Jose,259 ms
104.16.181.233,SJC,North America,San Jose,260 ms
104.17.203.150,SJC,North America,San Jose,260 ms
104.17.160.172,SJC,North America,San Jose,260 ms
104.16.201.175,SJC,North America,San Jose,260 ms
104.18.73.15,SJC,North America,San Jose,260 ms
104.16.160.203,SJC,North America,San Jose,260 ms
104.18.52.195,LAX,North America,Los Angeles,261 ms
104.18.4.123,LAX,North America,Los Angeles,261 ms
104.16.211.39,SJC,North America,San Jose,261 ms
104.17.101.81,SJC,North America,San Jose,261 ms
104.17.100.53,SJC,North America,San Jose,261 ms
104.17.122.31,SJC,North America,San Jose,261 ms
104.16.198.247,SJC,North America,San Jose,261 ms
104.17.9.62,SJC,North America,San Jose,261 ms
104.16.180.245,SJC,North America,San Jose,261 ms
104.17.116.101,SJC,North America,San Jose,261 ms
104.27.85.226,LAX,North America,Los Angeles,262 ms
104.17.129.31,SJC,North America,San Jose,262 ms
8.39.204.246,LAX,North America,Los Angeles,263 ms
104.17.131.125,SJC,North America,San Jose,263 ms
104.17.124.221,SJC,North America,San Jose,263 ms
104.17.207.216,SJC,North America,San Jose,263 ms
104.16.204.148,SJC,North America,San Jose,264 ms
104.17.208.17,SJC,North America,San Jose,264 ms
104.18.3.160,LAX,North America,Los Angeles,264 ms
104.17.127.206,SJC,North America,San Jose,264 ms
104.16.177.124,SJC,North America,San Jose,264 ms
104.18.14.75,LAX,North America,Los Angeles,264 ms
104.18.55.193,LAX,North America,Los Angeles,264 ms
104.17.210.202,SJC,North America,San Jose,265 ms
104.18.70.231,SJC,North America,San Jose,265 ms
104.18.65.225,SJC,North America,San Jose,265 ms
104.18.45.25,LAX,North America,Los Angeles,265 ms
104.16.182.124,SJC,North America,San Jose,265 ms
104.18.72.104,SJC,North America,San Jose,266 ms
104.16.205.200,SJC,North America,San Jose,266 ms
104.17.110.53,SJC,North America,San Jose,267 ms
104.17.200.228,SJC,North America,San Jose,267 ms
104.18.43.4,LAX,North America,Los Angeles,267 ms
104.16.161.39,SJC,North America,San Jose,267 ms
104.18.11.187,LAX,North America,Los Angeles,267 ms
104.17.211.142,SJC,North America,San Jose,267 ms
104.18.8.58,LAX,North America,Los Angeles,268 ms
104.16.134.143,SJC,North America,San Jose,268 ms
104.16.196.16,SJC,North America,San Jose,269 ms
104.16.154.29,SJC,North America,San Jose,269 ms
104.18.47.82,LAX,North America,Los Angeles,269 ms
104.16.163.127,SJC,North America,San Jose,269 ms
104.16.8.41,SJC,North America,San Jose,270 ms
104.18.18.203,LAX,North America,Los Angeles,270 ms
104.19.81.187,LAX,North America,Los Angeles,271 ms
104.18.12.173,LAX,North America,Los Angeles,271 ms
104.16.246.98,SJC,North America,San Jose,271 ms
104.17.4.205,SJC,North America,San Jose,272 ms
104.27.89.45,LAX,North America,Los Angeles,273 ms
104.18.10.127,LAX,North America,Los Angeles,273 ms
104.17.77.24,SJC,North America,San Jose,273 ms
104.16.194.129,SJC,North America,San Jose,274 ms
104.16.187.134,SJC,North America,San Jose,275 ms
104.16.249.156,SJC,North America,San Jose,275 ms
104.18.33.4,LAX,North America,Los Angeles,275 ms
104.18.42.245,LAX,North America,Los Angeles,275 ms
104.16.9.28,SJC,North America,San Jose,275 ms
104.16.159.233,SJC,North America,San Jose,276 ms
104.24.242.90,LAX,North America,Los Angeles,276 ms
104.16.245.201,SJC,North America,San Jose,276 ms
172.64.78.157,EWR,North America,Newark,276 ms
104.27.0.203,LAX,North America,Los Angeles,276 ms
104.18.61.251,LAX,North America,Los Angeles,277 ms
104.16.183.148,SJC,North America,San Jose,277 ms
104.18.16.29,LAX,North America,Los Angeles,277 ms
104.18.32.7,LAX,North America,Los Angeles,277 ms
104.17.135.141,SJC,North America,San Jose,278 ms
104.29.127.55,MAN,Europe,Manchester,278 ms
104.18.29.11,LAX,North America,Los Angeles,278 ms
104.18.30.27,LAX,North America,Los Angeles,278 ms
104.16.179.239,SJC,North America,San Jose,280 ms
104.18.7.5,LAX,North America,Los Angeles,280 ms
104.19.67.64,LAX,North America,Los Angeles,281 ms
104.24.209.210,LAX,North America,Los Angeles,281 ms
104.18.13.84,LAX,North America,Los Angeles,281 ms
104.16.153.133,SJC,North America,San Jose,282 ms
104.19.20.138,LAX,North America,Los Angeles,282 ms
104.18.19.210,LAX,North America,Los Angeles,283 ms
104.18.64.120,SJC,North America,San Jose,283 ms
104.25.112.10,LAX,North America,Los Angeles,283 ms
104.16.156.205,SJC,North America,San Jose,284 ms
104.16.229.208,SJC,North America,San Jose,285 ms
104.18.27.192,LAX,North America,Los Angeles,285 ms
104.18.34.34,LAX,North America,Los Angeles,285 ms
104.18.35.57,LAX,North America,Los Angeles,285 ms
104.18.40.194,LAX,North America,Los Angeles,285 ms
104.25.140.209,LAX,North America,Los Angeles,286 ms
104.18.50.70,LAX,North America,Los Angeles,286 ms
104.16.218.225,SJC,North America,San Jose,287 ms
104.18.38.232,LAX,North America,Los Angeles,287 ms
104.18.37.56,LAX,North America,Los Angeles,287 ms
104.25.14.234,LAX,North America,Los Angeles,287 ms
104.25.133.145,LAX,North America,Los Angeles,288 ms
104.18.49.2,LAX,North America,Los Angeles,288 ms
104.25.42.10,LAX,North America,Los Angeles,289 ms
104.16.233.125,SJC,North America,San Jose,289 ms
104.18.23.183,LAX,North America,Los Angeles,290 ms
104.18.17.92,LAX,North America,Los Angeles,290 ms
104.18.26.222,LAX,North America,Los Angeles,291 ms
104.18.36.130,LAX,North America,Los Angeles,292 ms
104.18.25.31,LAX,North America,Los Angeles,293 ms
104.25.7.41,LAX,North America,Los Angeles,294 ms
104.18.21.142,LAX,North America,Los Angeles,294 ms
104.18.24.114,LAX,North America,Los Angeles,295 ms
104.18.22.124,LAX,North America,Los Angeles,295 ms
104.18.28.244,LAX,North America,Los Angeles,295 ms
104.18.9.34,LAX,North America,Los Angeles,296 ms
104.18.76.216,SJC,North America,San Jose,296 ms
104.16.225.153,SJC,North America,San Jose,296 ms
104.19.35.219,LAX,North America,Los Angeles,296 ms
104.25.253.61,LAX,North America,Los Angeles,298 ms
104.24.188.52,LAX,North America,Los Angeles,302 ms
104.20.40.205,LAX,North America,Los Angeles,304 ms
104.24.40.180,LAX,North America,Los Angeles,305 ms
104.24.42.55,LAX,North America,Los Angeles,305 ms
104.25.230.102,LAX,North America,Los Angeles,305 ms
104.27.36.45,LAX,North America,Los Angeles,305 ms
104.25.226.204,LAX,North America,Los Angeles,306 ms
104.25.227.98,LAX,North America,Los Angeles,307 ms
172.67.95.8,LAX,North America,Los Angeles,307 ms
104.20.54.55,LAX,North America,Los Angeles,308 ms
104.25.39.62,LAX,North America,Los Angeles,308 ms
104.18.15.86,LAX,North America,Los Angeles,308 ms
104.25.90.244,LAX,North America,Los Angeles,312 ms
104.25.179.24,LAX,North America,Los Angeles,315 ms
104.27.34.220,LAX,North America,Los Angeles,316 ms
104.19.117.170,LAX,North America,Los Angeles,316 ms
104.25.45.156,LAX,North America,Los Angeles,318 ms
104.24.205.113,LAX,North America,Los Angeles,318 ms
104.25.148.200,LAX,North America,Los Angeles,319 ms
104.25.244.104,LAX,North America,Los Angeles,319 ms
104.25.160.104,LAX,North America,Los Angeles,320 ms
104.24.213.60,LAX,North America,Los Angeles,322 ms
104.19.93.135,LAX,North America,Los Angeles,326 ms
104.25.242.48,LAX,North America,Los Angeles,327 ms
172.67.99.140,LAX,North America,Los Angeles,327 ms
104.24.60.232,LAX,North America,Los Angeles,328 ms
104.25.37.61,LAX,North America,Los Angeles,331 ms
104.20.4.98,LAX,North America,Los Angeles,331 ms
104.25.47.227,LAX,North America,Los Angeles,331 ms
104.19.37.131,LAX,North America,Los Angeles,332 ms
104.24.85.228,LAX,North America,Los Angeles,332 ms
104.27.41.86,LAX,North America,Los Angeles,333 ms
104.20.0.24,LAX,North America,Los Angeles,336 ms
104.24.252.59,LAX,North America,Los Angeles,337 ms
172.67.120.107,LAX,North America,Los Angeles,339 ms
104.25.118.152,LAX,North America,Los Angeles,341 ms
172.67.111.223,LAX,North America,Los Angeles,342 ms
104.25.119.107,LAX,North America,Los Angeles,344 ms
104.25.243.227,LAX,North America,Los Angeles,345 ms
104.25.99.52,LAX,North America,Los Angeles,345 ms
104.25.142.171,LAX,North America,Los Angeles,345 ms
162.159.160.24,OTP,Europe,Bucharest,347 ms
104.24.93.115,LAX,North America,Los Angeles,347 ms
104.27.8.179,LAX,North America,Los Angeles,347 ms
104.24.145.187,LAX,North America,Los Angeles,349 ms
104.24.208.139,LAX,North America,Los Angeles,353 ms
104.24.178.121,LAX,North America,Los Angeles,354 ms
104.25.254.51,LAX,North America,Los Angeles,356 ms
104.25.181.204,LAX,North America,Los Angeles,356 ms
104.24.38.36,LAX,North America,Los Angeles,356 ms
104.24.226.191,LAX,North America,Los Angeles,356 ms
104.29.126.149,MUC,Europe,Munich,357 ms
104.24.202.178,LAX,North America,Los Angeles,358 ms
104.24.138.6,LAX,North America,Los Angeles,358 ms
104.25.44.218,LAX,North America,Los Angeles,360 ms
104.24.233.225,LAX,North America,Los Angeles,362 ms
104.25.104.226,LAX,North America,Los Angeles,362 ms
104.20.12.220,LAX,North America,Los Angeles,362 ms
104.25.107.131,LAX,North America,Los Angeles,363 ms
104.25.132.7,LAX,North America,Los Angeles,363 ms
104.24.29.227,LAX,North America,Los Angeles,364 ms
104.24.234.108,LAX,North America,Los Angeles,366 ms
104.19.42.224,LAX,North America,Los Angeles,370 ms
104.25.41.233,LAX,North America,Los Angeles,374 ms
104.24.203.145,LAX,North America,Los Angeles,375 ms
104.25.72.153,LAX,North America,Los Angeles,375 ms
104.27.31.8,LAX,North America,Los Angeles,375 ms
104.25.169.80,LAX,North America,Los Angeles,375 ms
104.24.21.54,LAX,North America,Los Angeles,376 ms
104.25.32.204,LAX,North America,Los Angeles,377 ms
104.19.101.165,LAX,North America,Los Angeles,377 ms
104.25.252.30,LAX,North America,Los Angeles,379 ms
104.19.77.89,LAX,North America,Los Angeles,379 ms
104.25.247.35,LAX,North America,Los Angeles,380 ms
104.24.194.196,LAX,North America,Los Angeles,381 ms
104.25.98.245,LAX,North America,Los Angeles,382 ms
104.24.182.66,LAX,North America,Los Angeles,382 ms
104.25.97.250,LAX,North America,Los Angeles,383 ms
104.20.1.12,LAX,North America,Los Angeles,383 ms
104.27.37.5,LAX,North America,Los Angeles,384 ms
104.25.246.151,LAX,North America,Los Angeles,385 ms
172.67.81.25,LAX,North America,Los Angeles,385 ms
104.25.245.11,LAX,North America,Los Angeles,385 ms
104.25.220.185,LAX,North America,Los Angeles,386 ms
104.19.69.198,LAX,North America,Los Angeles,387 ms
104.27.57.21,LAX,North America,Los Angeles,388 ms
104.24.134.113,LAX,North America,Los Angeles,390 ms
104.25.231.205,LAX,North America,Los Angeles,391 ms
104.20.41.122,LAX,North America,Los Angeles,391 ms
104.25.106.92,LAX,North America,Los Angeles,391 ms
104.19.74.189,LAX,North America,Los Angeles,391 ms
104.20.2.114,LAX,North America,Los Angeles,391 ms
104.25.165.58,LAX,North America,Los Angeles,393 ms
104.21.198.102,LAX,North America,Los Angeles,394 ms
104.20.46.177,LAX,North America,Los Angeles,397 ms
104.25.48.101,LAX,North America,Los Angeles,398 ms
104.27.1.87,LAX,North America,Los Angeles,398 ms
104.19.52.189,LAX,North America,Los Angeles,398 ms
104.19.83.139,LAX,North America,Los Angeles,398 ms
104.25.111.245,LAX,North America,Los Angeles,400 ms
104.27.68.45,LAX,North America,Los Angeles,401 ms
104.20.61.46,LAX,North America,Los Angeles,401 ms
104.25.96.177,LAX,North America,Los Angeles,401 ms
104.19.123.9,LAX,North America,Los Angeles,403 ms
104.19.120.233,LAX,North America,Los Angeles,403 ms
104.25.211.237,LAX,North America,Los Angeles,403 ms
104.24.35.4,LAX,North America,Los Angeles,404 ms
104.19.51.116,LAX,North America,Los Angeles,406 ms
104.25.238.74,LAX,North America,Los Angeles,406 ms
104.25.177.21,LAX,North America,Los Angeles,406 ms
104.19.112.3,LAX,North America,Los Angeles,406 ms
104.19.39.208,LAX,North America,Los Angeles,407 ms
104.27.6.125,LAX,North America,Los Angeles,408 ms
104.27.73.140,LAX,North America,Los Angeles,408 ms
104.25.102.186,LAX,North America,Los Angeles,408 ms
104.25.224.199,LAX,North America,Los Angeles,408 ms
104.25.27.49,LAX,North America,Los Angeles,408 ms
104.25.161.86,LAX,North America,Los Angeles,410 ms
104.25.251.138,LAX,North America,Los Angeles,411 ms
162.159.152.167,LAX,North America,Los Angeles,411 ms
104.27.108.100,LAX,North America,Los Angeles,413 ms
104.19.14.51,LAX,North America,Los Angeles,413 ms
104.24.190.76,LAX,North America,Los Angeles,414 ms
104.25.241.133,LAX,North America,Los Angeles,414 ms
104.25.204.231,LAX,North America,Los Angeles,414 ms
104.19.115.11,LAX,North America,Los Angeles,415 ms
104.19.121.106,LAX,North America,Los Angeles,416 ms
104.27.7.228,LAX,North America,Los Angeles,417 ms
104.19.10.11,LAX,North America,Los Angeles,418 ms
172.67.231.60,LAX,North America,Los Angeles,418 ms
104.24.185.127,LAX,North America,Los Angeles,418 ms
104.19.122.219,LAX,North America,Los Angeles,420 ms
104.19.124.76,LAX,North America,Los Angeles,421 ms
104.25.139.218,LAX,North America,Los Angeles,422 ms
104.27.110.224,LAX,North America,Los Angeles,426 ms
104.27.46.171,LAX,North America,Los Angeles,428 ms
104.25.216.8,LAX,North America,Los Angeles,429 ms
104.25.240.180,LAX,North America,Los Angeles,430 ms
104.27.22.141,LAX,North America,Los Angeles,432 ms
104.19.100.201,LAX,North America,Los Angeles,432 ms
104.24.247.45,LAX,North America,Los Angeles,433 ms
104.25.78.215,LAX,North America,Los Angeles,433 ms
104.25.71.103,LAX,North America,Los Angeles,434 ms
104.24.5.45,LAX,North America,Los Angeles,436 ms
104.20.55.241,LAX,North America,Los Angeles,439 ms
104.20.37.198,LAX,North America,Los Angeles,439 ms
104.19.110.46,LAX,North America,Los Angeles,440 ms
104.19.70.170,LAX,North America,Los Angeles,440 ms
104.25.207.46,LAX,North America,Los Angeles,441 ms
104.25.129.5,LAX,North America,Los Angeles,441 ms
104.27.65.241,LAX,North America,Los Angeles,442 ms
104.24.143.62,LAX,North America,Los Angeles,442 ms
104.24.130.220,LAX,North America,Los Angeles,442 ms
104.25.192.230,LAX,North America,Los Angeles,443 ms
104.27.23.17,LAX,North America,Los Angeles,443 ms
172.67.82.106,LAX,North America,Los Angeles,444 ms
104.25.190.199,LAX,North America,Los Angeles,444 ms
172.64.66.51,LAX,North America,Los Angeles,445 ms
104.25.4.28,LAX,North America,Los Angeles,445 ms
104.24.255.192,LAX,North America,Los Angeles,446 ms
104.19.105.233,LAX,North America,Los Angeles,446 ms
104.24.211.43,LAX,North America,Los Angeles,446 ms
104.25.182.20,LAX,North America,Los Angeles,446 ms
104.25.218.8,LAX,North America,Los Angeles,446 ms
104.19.92.41,LAX,North America,Los Angeles,446 ms
104.25.209.233,LAX,North America,Los Angeles,447 ms
104.25.69.3,LAX,North America,Los Angeles,447 ms
104.25.225.127,LAX,North America,Los Angeles,447 ms
172.67.124.84,LAX,North America,Los Angeles,448 ms
104.25.212.225,LAX,North America,Los Angeles,448 ms
104.24.24.40,LAX,North America,Los Angeles,450 ms
104.19.28.105,LAX,North America,Los Angeles,450 ms
104.19.73.214,LAX,North America,Los Angeles,451 ms
172.67.96.25,LAX,North America,Los Angeles,451 ms
104.25.166.159,LAX,North America,Los Angeles,451 ms
104.27.21.23,LAX,North America,Los Angeles,453 ms
104.24.1.145,LAX,North America,Los Angeles,453 ms
104.24.142.124,LAX,North America,Los Angeles,454 ms
104.25.189.209,LAX,North America,Los Angeles,454 ms
104.25.198.166,LAX,North America,Los Angeles,454 ms
104.24.228.215,LAX,North America,Los Angeles,454 ms
104.24.229.80,LAX,North America,Los Angeles,454 ms
104.24.160.66,LAX,North America,Los Angeles,454 ms
104.24.156.170,LAX,North America,Los Angeles,455 ms
104.24.225.86,LAX,North America,Los Angeles,456 ms
172.67.117.225,LAX,North America,Los Angeles,456 ms
104.19.91.169,LAX,North America,Los Angeles,456 ms
104.24.250.164,LAX,North America,Los Angeles,456 ms
104.27.29.157,LAX,North America,Los Angeles,456 ms
104.25.113.67,LAX,North America,Los Angeles,457 ms
104.25.50.170,LAX,North America,Los Angeles,458 ms
104.24.61.92,LAX,North America,Los Angeles,458 ms
104.19.53.235,LAX,North America,Los Angeles,459 ms
104.27.112.104,LAX,North America,Los Angeles,459 ms
104.20.13.64,LAX,North America,Los Angeles,459 ms
104.20.53.168,LAX,North America,Los Angeles,459 ms
104.20.57.90,LAX,North America,Los Angeles,460 ms
104.25.236.107,LAX,North America,Los Angeles,461 ms
104.25.149.17,LAX,North America,Los Angeles,461 ms
104.19.79.6,LAX,North America,Los Angeles,461 ms
172.67.114.146,LAX,North America,Los Angeles,462 ms
104.19.60.14,LAX,North America,Los Angeles,463 ms
104.24.223.217,LAX,North America,Los Angeles,463 ms
104.27.30.207,LAX,North America,Los Angeles,463 ms
104.24.141.155,LAX,North America,Los Angeles,464 ms
104.24.251.6,LAX,North America,Los Angeles,464 ms
104.19.103.206,LAX,North America,Los Angeles,464 ms
172.67.101.86,LAX,North America,Los Angeles,465 ms
104.24.78.255,LAX,North America,Los Angeles,466 ms
104.25.29.178,LAX,North America,Los Angeles,466 ms
104.24.45.35,LAX,North America,Los Angeles,468 ms
104.27.53.39,LAX,North America,Los Angeles,469 ms
104.25.38.13,LAX,North America,Los Angeles,469 ms
104.27.43.0,LAX,North America,Los Angeles,470 ms
104.19.18.228,LAX,North America,Los Angeles,470 ms
104.25.43.224,LAX,North America,Los Angeles,470 ms
104.19.49.246,LAX,North America,Los Angeles,470 ms
104.25.46.39,LAX,North America,Los Angeles,471 ms
104.24.48.109,LAX,North America,Los Angeles,472 ms
104.24.192.207,LAX,North America,Los Angeles,473 ms
104.25.214.228,LAX,North America,Los Angeles,474 ms
104.24.0.104,LAX,North America,Los Angeles,476 ms
104.19.106.118,LAX,North America,Los Angeles,477 ms
104.24.245.4,LAX,North America,Los Angeles,478 ms
104.24.218.196,LAX,North America,Los Angeles,478 ms
104.24.176.90,LAX,North America,Los Angeles,478 ms
104.24.175.101,LAX,North America,Los Angeles,478 ms
104.27.52.56,LAX,North America,Los Angeles,479 ms
104.19.12.122,LAX,North America,Los Angeles,481 ms
104.27.58.185,LAX,North America,Los Angeles,482 ms
104.25.73.187,LAX,North America,Los Angeles,483 ms
104.25.205.27,LAX,North America,Los Angeles,483 ms
104.25.0.18,LAX,North America,Los Angeles,483 ms
104.25.194.133,LAX,North America,Los Angeles,484 ms
104.24.249.229,LAX,North America,Los Angeles,484 ms
104.19.66.164,LAX,North America,Los Angeles,486 ms
104.25.201.31,LAX,North America,Los Angeles,486 ms
104.27.113.137,LAX,North America,Los Angeles,487 ms
104.27.118.215,LAX,North America,Los Angeles,487 ms
104.25.199.6,LAX,North America,Los Angeles,488 ms
104.25.143.42,LAX,North America,Los Angeles,488 ms
104.25.3.34,LAX,North America,Los Angeles,488 ms
172.67.80.158,LAX,North America,Los Angeles,488 ms
141.101.113.35,LAX,North America,Los Angeles,488 ms
104.25.219.47,LAX,North America,Los Angeles,489 ms
104.24.231.82,LAX,North America,Los Angeles,490 ms
104.25.56.214,LAX,North America,Los Angeles,491 ms
104.24.244.227,LAX,North America,Los Angeles,491 ms
104.24.232.45,LAX,North America,Los Angeles,491 ms
104.24.224.116,LAX,North America,Los Angeles,491 ms
104.24.144.242,LAX,North America,Los Angeles,492 ms
172.67.87.94,LAX,North America,Los Angeles,492 ms
172.67.89.7,LAX,North America,Los Angeles,493 ms
104.27.44.12,LAX,North America,Los Angeles,494 ms
104.19.40.102,LAX,North America,Los Angeles,495 ms
104.25.25.146,LAX,North America,Los Angeles,495 ms
104.24.37.30,LAX,North America,Los Angeles,496 ms
104.24.212.233,LAX,North America,Los Angeles,496 ms
104.24.238.152,LAX,North America,Los Angeles,496 ms
104.19.109.254,LAX,North America,Los Angeles,497 ms
104.24.241.4,LAX,North America,Los Angeles,497 ms
104.24.191.125,LAX,North America,Los Angeles,497 ms
104.25.19.32,LAX,North America,Los Angeles,498 ms
104.24.10.98,LAX,North America,Los Angeles,498 ms
104.24.187.31,LAX,North America,Los Angeles,498 ms
172.67.85.254,LAX,North America,Los Angeles,499 ms
104.24.75.86,LAX,North America,Los Angeles,499 ms
104.24.30.158,LAX,North America,Los Angeles,499 ms
104.24.31.61,LAX,North America,Los Angeles,499 ms
104.25.217.42,LAX,North America,Los Angeles,499 ms
104.25.208.157,LAX,North America,Los Angeles,500 ms
104.19.54.40,LAX,North America,Los Angeles,500 ms
104.25.101.238,LAX,North America,Los Angeles,500 ms
104.25.100.76,LAX,North America,Los Angeles,500 ms
104.24.39.99,LAX,North America,Los Angeles,501 ms
104.24.217.59,LAX,North America,Los Angeles,502 ms
104.25.55.24,LAX,North America,Los Angeles,503 ms
104.25.250.33,LAX,North America,Los Angeles,503 ms
104.24.52.198,LAX,North America,Los Angeles,504 ms
104.27.101.77,LAX,North America,Los Angeles,504 ms
104.25.40.74,LAX,North America,Los Angeles,504 ms
104.24.62.221,LAX,North America,Los Angeles,504 ms
104.27.70.15,LAX,North America,Los Angeles,505 ms
104.27.50.43,LAX,North America,Los Angeles,505 ms
104.20.36.79,LAX,North America,Los Angeles,507 ms
104.19.15.8,LAX,North America,Los Angeles,507 ms
172.67.86.210,LAX,North America,Los Angeles,508 ms
104.27.54.224,LAX,North America,Los Angeles,509 ms
172.65.170.233,LAX,North America,Los Angeles,509 ms
172.67.108.119,LAX,North America,Los Angeles,509 ms
104.24.214.152,LAX,North America,Los Angeles,509 ms
104.20.58.128,LAX,North America,Los Angeles,510 ms
104.24.199.79,LAX,North America,Los Angeles,510 ms
104.27.122.212,LAX,North America,Los Angeles,512 ms
104.25.162.252,LAX,North America,Los Angeles,512 ms
104.21.104.198,LAX,North America,Los Angeles,512 ms
104.24.181.248,LAX,North America,Los Angeles,513 ms
104.27.2.147,LAX,North America,Los Angeles,514 ms
104.24.165.128,LAX,North America,Los Angeles,514 ms
104.24.169.144,LAX,North America,Los Angeles,515 ms
104.24.240.52,LAX,North America,Los Angeles,516 ms
104.24.81.135,LAX,North America,Los Angeles,516 ms
104.24.248.234,LAX,North America,Los Angeles,516 ms
104.25.115.172,LAX,North America,Los Angeles,517 ms
104.20.15.217,LAX,North America,Los Angeles,518 ms
104.25.83.220,LAX,North America,Los Angeles,518 ms
104.25.64.4,LAX,North America,Los Angeles,519 ms
104.27.48.8,LAX,North America,Los Angeles,519 ms
104.25.58.223,LAX,North America,Los Angeles,519 ms
104.19.21.247,LAX,North America,Los Angeles,519 ms
104.19.63.185,LAX,North America,Los Angeles,519 ms
104.24.183.148,LAX,North America,Los Angeles,520 ms
104.25.234.154,LAX,North America,Los Angeles,521 ms
104.19.46.132,LAX,North America,Los Angeles,521 ms
104.27.18.208,LAX,North America,Los Angeles,522 ms
104.24.237.96,LAX,North America,Los Angeles,523 ms
104.27.102.55,LAX,North America,Los Angeles,523 ms
104.24.80.56,LAX,North America,Los Angeles,524 ms
104.19.65.19,LAX,North America,Los Angeles,524 ms
104.27.125.12,LAX,North America,Los Angeles,524 ms
104.25.176.209,LAX,North America,Los Angeles,525 ms
104.25.85.172,LAX,North America,Los Angeles,525 ms
104.27.119.246,LAX,North America,Los Angeles,525 ms
104.24.164.16,LAX,North America,Los Angeles,526 ms
104.25.146.162,LAX,North America,Los Angeles,526 ms
104.19.8.16,LAX,North America,Los Angeles,527 ms
172.67.110.48,LAX,North America,Los Angeles,527 ms
104.25.23.94,LAX,North America,Los Angeles,527 ms
104.24.83.96,LAX,North America,Los Angeles,528 ms
104.27.127.197,LAX,North America,Los Angeles,529 ms
104.24.90.220,LAX,North America,Los Angeles,529 ms
104.24.189.4,LAX,North America,Los Angeles,529 ms
104.25.26.211,LAX,North America,Los Angeles,530 ms
104.24.159.254,LAX,North America,Los Angeles,530 ms
104.24.167.114,LAX,North America,Los Angeles,530 ms
104.19.89.47,LAX,North America,Los Angeles,530 ms
104.24.88.156,LAX,North America,Los Angeles,530 ms
104.19.0.48,LAX,North America,Los Angeles,532 ms
104.19.86.70,LAX,North America,Los Angeles,532 ms
104.25.141.24,LAX,North America,Los Angeles,532 ms
104.25.16.189,LAX,North America,Los Angeles,534 ms
104.24.184.219,LAX,North America,Los Angeles,534 ms
104.24.82.67,LAX,North America,Los Angeles,535 ms
104.24.221.41,LAX,North America,Los Angeles,535 ms
104.25.31.90,LAX,North America,Los Angeles,535 ms
104.24.207.63,LAX,North America,Los Angeles,536 ms
104.25.13.10,LAX,North America,Los Angeles,536 ms
104.25.21.21,LAX,North America,Los Angeles,539 ms
104.25.191.179,LAX,North America,Los Angeles,540 ms
104.24.155.95,LAX,North America,Los Angeles,541 ms
104.24.177.196,LAX,North America,Los Angeles,541 ms
104.19.31.36,LAX,North America,Los Angeles,542 ms
104.25.154.140,LAX,North America,Los Angeles,542 ms
104.25.70.218,LAX,North America,Los Angeles,543 ms
104.19.29.216,LAX,North America,Los Angeles,543 ms
104.21.208.188,LAX,North America,Los Angeles,543 ms
104.27.94.111,LAX,North America,Los Angeles,543 ms
104.19.44.137,LAX,North America,Los Angeles,544 ms
104.24.91.217,LAX,North America,Los Angeles,544 ms
104.27.126.40,LAX,North America,Los Angeles,545 ms
104.20.43.151,LAX,North America,Los Angeles,545 ms
104.25.151.59,LAX,North America,Los Angeles,545 ms
104.27.20.61,LAX,North America,Los Angeles,546 ms
104.19.19.18,LAX,North America,Los Angeles,547 ms
104.19.76.204,LAX,North America,Los Angeles,547 ms
104.25.60.40,LAX,North America,Los Angeles,547 ms
104.19.82.247,LAX,North America,Los Angeles,547 ms
104.19.47.33,LAX,North America,Los Angeles,547 ms
104.25.95.68,LAX,North America,Los Angeles,548 ms
104.19.85.27,LAX,North America,Los Angeles,548 ms
104.25.36.46,LAX,North America,Los Angeles,548 ms
104.27.93.144,LAX,North America,Los Angeles,548 ms
104.25.153.183,LAX,North America,Los Angeles,549 ms
104.19.33.159,LAX,North America,Los Angeles,549 ms
104.24.172.80,LAX,North America,Los Angeles,551 ms
104.24.170.72,LAX,North America,Los Angeles,552 ms
104.19.78.96,LAX,North America,Los Angeles,552 ms
104.25.54.115,LAX,North America,Los Angeles,552 ms
104.19.13.159,LAX,North America,Los Angeles,553 ms
104.25.109.2,LAX,North America,Los Angeles,554 ms
104.27.61.61,LAX,North America,Los Angeles,554 ms
104.27.96.37,LAX,North America,Los Angeles,555 ms
104.27.24.180,LAX,North America,Los Angeles,555 ms
104.27.114.73,LAX,North America,Los Angeles,555 ms
104.19.118.4,LAX,North America,Los Angeles,555 ms
104.25.168.129,LAX,North America,Los Angeles,556 ms
104.19.87.111,LAX,North America,Los Angeles,557 ms
104.24.219.139,LAX,North America,Los Angeles,558 ms
104.25.228.165,LAX,North America,Los Angeles,559 ms
104.24.63.214,LAX,North America,Los Angeles,559 ms
104.20.52.237,LAX,North America,Los Angeles,561 ms
104.19.3.138,LAX,North America,Los Angeles,561 ms
104.24.72.58,LAX,North America,Los Angeles,561 ms
104.25.51.210,LAX,North America,Los Angeles,561 ms
104.27.67.105,LAX,North America,Los Angeles,562 ms
104.27.120.149,LAX,North America,Los Angeles,562 ms
104.25.12.216,LAX,North America,Los Angeles,563 ms
104.27.111.68,LAX,North America,Los Angeles,563 ms
104.20.56.82,LAX,North America,Los Angeles,563 ms
104.25.222.107,LAX,North America,Los Angeles,563 ms
104.25.237.239,LAX,North America,Los Angeles,564 ms
104.25.200.6,LAX,North America,Los Angeles,564 ms
104.24.137.254,LAX,North America,Los Angeles,564 ms
104.27.82.137,LAX,North America,Los Angeles,565 ms
104.25.126.217,LAX,North America,Los Angeles,566 ms
104.24.17.217,LAX,North America,Los Angeles,566 ms
104.24.135.49,LAX,North America,Los Angeles,568 ms
104.20.38.245,LAX,North America,Los Angeles,568 ms
104.24.179.236,LAX,North America,Los Angeles,569 ms
104.25.195.143,LAX,North America,Los Angeles,569 ms
104.25.193.233,LAX,North America,Los Angeles,570 ms
104.24.27.206,LAX,North America,Los Angeles,570 ms
104.19.41.177,LAX,North America,Los Angeles,570 ms
104.24.158.2,LAX,North America,Los Angeles,571 ms
104.27.66.52,LAX,North America,Los Angeles,572 ms
104.27.76.17,LAX,North America,Los Angeles,573 ms
104.19.95.171,LAX,North America,Los Angeles,574 ms
104.25.164.17,LAX,North America,Los Angeles,575 ms
104.24.77.38,LAX,North America,Los Angeles,576 ms
104.25.128.87,LAX,North America,Los Angeles,577 ms
104.27.72.0,LAX,North America,Los Angeles,577 ms
104.25.130.227,LAX,North America,Los Angeles,578 ms
104.24.171.232,LAX,North America,Los Angeles,579 ms
104.25.125.172,LAX,North America,Los Angeles,582 ms
104.27.84.241,LAX,North America,Los Angeles,582 ms
104.27.91.191,LAX,North America,Los Angeles,582 ms
104.25.170.139,LAX,North America,Los Angeles,583 ms
104.25.22.177,LAX,North America,Los Angeles,583 ms
104.24.152.230,LAX,North America,Los Angeles,583 ms
104.24.20.20,LAX,North America,Los Angeles,584 ms
104.25.183.58,LAX,North America,Los Angeles,584 ms
104.25.10.168,LAX,North America,Los Angeles,585 ms
104.19.125.109,LAX,North America,Los Angeles,585 ms
104.19.75.251,LAX,North America,Los Angeles,585 ms
104.25.28.20,LAX,North America,Los Angeles,585 ms
104.24.19.231,LAX,North America,Los Angeles,586 ms
104.25.62.62,LAX,North America,Los Angeles,586 ms
104.24.151.186,LAX,North America,Los Angeles,587 ms
104.25.124.238,LAX,North America,Los Angeles,587 ms
104.27.79.162,LAX,North America,Los Angeles,587 ms
104.24.25.54,LAX,North America,Los Angeles,587 ms
172.67.103.179,LAX,North America,Los Angeles,588 ms
104.25.135.170,LAX,North America,Los Angeles,589 ms
104.27.99.221,LAX,North America,Los Angeles,589 ms
104.19.17.211,LAX,North America,Los Angeles,589 ms
104.20.11.24,LAX,North America,Los Angeles,589 ms
104.27.78.226,LAX,North America,Los Angeles,590 ms
104.27.38.65,LAX,North America,Los Angeles,590 ms
104.24.44.89,LAX,North America,Los Angeles,590 ms
104.25.20.186,LAX,North America,Los Angeles,592 ms
104.25.120.195,LAX,North America,Los Angeles,592 ms
104.25.82.42,LAX,North America,Los Angeles,592 ms
104.27.60.136,LAX,North America,Los Angeles,592 ms
104.19.1.137,LAX,North America,Los Angeles,593 ms
104.24.49.204,LAX,North America,Los Angeles,594 ms
104.24.147.222,LAX,North America,Los Angeles,594 ms
104.24.243.237,LAX,North America,Los Angeles,595 ms
172.67.97.161,LAX,North America,Los Angeles,595 ms
104.25.30.162,LAX,North America,Los Angeles,595 ms
104.19.2.21,LAX,North America,Los Angeles,597 ms
104.27.90.129,LAX,North America,Los Angeles,598 ms
104.25.122.198,LAX,North America,Los Angeles,598 ms
104.25.103.201,LAX,North America,Los Angeles,598 ms
104.25.117.1,LAX,North America,Los Angeles,599 ms
104.25.145.239,LAX,North America,Los Angeles,600 ms
104.25.34.98,LAX,North America,Los Angeles,600 ms
104.19.119.199,LAX,North America,Los Angeles,600 ms
104.27.98.136,LAX,North America,Los Angeles,600 ms
104.24.173.221,LAX,North America,Los Angeles,601 ms
104.27.25.43,LAX,North America,Los Angeles,602 ms
104.19.24.40,LAX,North America,Los Angeles,604 ms
104.24.67.75,LAX,North America,Los Angeles,606 ms
104.19.32.227,LAX,North America,Los Angeles,607 ms
104.24.246.188,LAX,North America,Los Angeles,607 ms
104.25.121.226,LAX,North America,Los Angeles,609 ms
104.25.24.217,LAX,North America,Los Angeles,609 ms
172.67.93.222,LAX,North America,Los Angeles,609 ms
104.27.62.215,LAX,North America,Los Angeles,609 ms
104.25.114.113,LAX,North America,Los Angeles,611 ms
104.27.104.37,LAX,North America,Los Angeles,612 ms
104.24.227.138,LAX,North America,Los Angeles,612 ms
104.27.121.187,LAX,North America,Los Angeles,612 ms
104.19.34.124,LAX,North America,Los Angeles,612 ms
104.19.48.181,LAX,North America,Los Angeles,613 ms
104.24.34.149,LAX,North America,Los Angeles,613 ms
172.67.127.78,LAX,North America,Los Angeles,613 ms
104.25.79.227,LAX,North America,Los Angeles,614 ms
104.27.105.106,LAX,North America,Los Angeles,614 ms
104.25.68.5,LAX,North America,Los Angeles,615 ms
104.27.92.82,LAX,North America,Los Angeles,615 ms
104.27.16.88,LAX,North America,Los Angeles,615 ms
104.24.7.112,LAX,North America,Los Angeles,615 ms
104.25.233.27,LAX,North America,Los Angeles,615 ms
104.24.131.137,LAX,North America,Los Angeles,616 ms
104.25.144.131,LAX,North America,Los Angeles,616 ms
104.24.47.84,LAX,North America,Los Angeles,616 ms
104.19.71.1,LAX,North America,Los Angeles,617 ms
104.25.174.153,LAX,North America,Los Angeles,617 ms
104.24.28.0,LAX,North America,Los Angeles,617 ms
104.25.5.191,LAX,North America,Los Angeles,617 ms
104.25.127.82,LAX,North America,Los Angeles,618 ms
104.27.103.2,LAX,North America,Los Angeles,618 ms
104.25.74.166,LAX,North America,Los Angeles,619 ms
104.27.35.36,LAX,North America,Los Angeles,620 ms
104.24.57.3,LAX,North America,Los Angeles,621 ms
104.20.45.24,LAX,North America,Los Angeles,622 ms
172.67.112.161,LAX,North America,Los Angeles,622 ms
104.20.47.230,LAX,North America,Los Angeles,622 ms
104.24.9.130,LAX,North America,Los Angeles,623 ms
104.27.117.186,LAX,North America,Los Angeles,623 ms
172.67.88.58,LAX,North America,Los Angeles,624 ms
104.24.94.215,LAX,North America,Los Angeles,626 ms
104.24.95.107,LAX,North America,Los Angeles,626 ms
104.24.132.236,LAX,North America,Los Angeles,626 ms
104.25.76.6,LAX,North America,Los Angeles,627 ms
104.24.215.221,LAX,North America,Los Angeles,628 ms
104.27.33.83,LAX,North America,Los Angeles,628 ms
104.25.67.6,LAX,North America,Los Angeles,629 ms
104.25.2.90,LAX,North America,Los Angeles,630 ms
104.25.93.35,LAX,North America,Los Angeles,630 ms
104.25.94.150,LAX,North America,Los Angeles,631 ms
104.24.43.57,LAX,North America,Los Angeles,632 ms
104.24.13.207,LAX,North America,Los Angeles,633 ms
104.27.116.163,LAX,North America,Los Angeles,634 ms
104.24.51.45,LAX,North America,Los Angeles,634 ms
104.25.63.250,LAX,North America,Los Angeles,634 ms
104.24.55.96,LAX,North America,Los Angeles,634 ms
104.24.64.67,LAX,North America,Los Angeles,636 ms
104.20.51.183,LAX,North America,Los Angeles,636 ms
104.20.48.81,LAX,North America,Los Angeles,637 ms
104.24.69.146,LAX,North America,Los Angeles,638 ms
104.25.147.12,LAX,North America,Los Angeles,639 ms
104.27.11.114,LAX,North America,Los Angeles,639 ms
172.67.90.213,LAX,North America,Los Angeles,640 ms
104.25.18.20,LAX,North America,Los Angeles,642 ms
104.25.75.124,LAX,North America,Los Angeles,642 ms
104.24.26.206,LAX,North America,Los Angeles,642 ms
104.25.77.166,LAX,North America,Los Angeles,643 ms
104.25.65.128,LAX,North America,Los Angeles,644 ms
104.24.4.100,LAX,North America,Los Angeles,645 ms
104.27.4.100,LAX,North America,Los Angeles,645 ms
172.67.92.26,LAX,North America,Los Angeles,646 ms
104.24.33.55,LAX,North America,Los Angeles,647 ms
104.24.3.29,LAX,North America,Los Angeles,649 ms
104.20.50.45,LAX,North America,Los Angeles,660 ms
104.25.1.73,LAX,North America,Los Angeles,663 ms
104.20.62.151,LAX,North America,Los Angeles,665 ms
104.24.18.217,LAX,North America,Los Angeles,672 ms
104.24.22.215,LAX,North America,Los Angeles,675 ms
104.24.6.185,LAX,North America,Los Angeles,676 ms
104.24.16.11,LAX,North America,Los Angeles,682 ms
104.19.142.102,LAX,North America,Los Angeles,728 ms
172.65.50.197,LAX,North America,Los Angeles,730 ms
172.65.35.202,LAX,North America,Los Angeles,730 ms
104.21.25.246,LAX,North America,Los Angeles,731 ms
172.67.132.227,LAX,North America,Los Angeles,737 ms
104.21.35.144,LAX,North America,Los Angeles,740 ms
104.21.4.248,LAX,North America,Los Angeles,741 ms
104.21.51.182,LAX,North America,Los Angeles,744 ms
104.21.37.226,LAX,North America,Los Angeles,745 ms
104.21.18.187,LAX,North America,Los Angeles,746 ms
104.21.48.131,LAX,North America,Los Angeles,747 ms
104.21.24.38,LAX,North America,Los Angeles,748 ms
172.67.247.204,LAX,North America,Los Angeles,753 ms
104.21.79.88,LAX,North America,Los Angeles,756 ms
172.67.205.5,LAX,North America,Los Angeles,756 ms
104.21.3.7,LAX,North America,Los Angeles,758 ms
172.67.160.77,LAX,North America,Los Angeles,760 ms
104.21.67.76,LAX,North America,Los Angeles,761 ms
104.21.223.187,LAX,North America,Los Angeles,761 ms
104.19.136.29,LAX,North America,Los Angeles,762 ms
172.67.146.12,LAX,North America,Los Angeles,762 ms
104.21.103.171,LAX,North America,Los Angeles,762 ms
172.67.212.198,LAX,North America,Los Angeles,762 ms
104.21.88.150,LAX,North America,Los Angeles,763 ms
172.67.254.238,LAX,North America,Los Angeles,763 ms
172.64.88.58,LAX,North America,Los Angeles,764 ms
104.24.253.162,LAX,North America,Los Angeles,764 ms
104.25.249.47,LAX,North America,Los Angeles,766 ms
172.67.253.117,LAX,North America,Los Angeles,766 ms
104.21.95.194,LAX,North America,Los Angeles,767 ms
104.21.205.14,LAX,North America,Los Angeles,767 ms
104.19.133.69,LAX,North America,Los Angeles,767 ms
172.67.225.113,LAX,North America,Los Angeles,768 ms
188.114.98.111,LAX,North America,Los Angeles,768 ms
104.21.58.62,LAX,North America,Los Angeles,769 ms
104.21.108.101,LAX,North America,Los Angeles,769 ms
172.64.87.170,LAX,North America,Los Angeles,773 ms
172.67.183.210,LAX,North America,Los Angeles,773 ms
172.67.214.140,LAX,North America,Los Angeles,773 ms
104.21.92.101,LAX,North America,Los Angeles,773 ms
104.19.130.120,LAX,North America,Los Angeles,774 ms
172.67.171.178,LAX,North America,Los Angeles,775 ms
172.67.189.88,LAX,North America,Los Angeles,775 ms
104.21.126.154,LAX,North America,Los Angeles,775 ms
172.67.244.114,LAX,North America,Los Angeles,775 ms
104.21.85.123,LAX,North America,Los Angeles,777 ms
172.67.219.190,LAX,North America,Los Angeles,777 ms
172.67.180.195,LAX,North America,Los Angeles,777 ms
104.21.84.63,LAX,North America,Los Angeles,777 ms
104.21.90.90,LAX,North America,Los Angeles,778 ms
172.67.130.118,LAX,North America,Los Angeles,778 ms
172.67.233.247,LAX,North America,Los Angeles,778 ms
104.21.209.209,LAX,North America,Los Angeles,778 ms
172.67.208.81,LAX,North America,Los Angeles,781 ms
172.67.194.200,LAX,North America,Los Angeles,781 ms
172.67.246.216,LAX,North America,Los Angeles,783 ms
172.67.175.28,LAX,North America,Los Angeles,784 ms
172.67.224.245,LAX,North America,Los Angeles,784 ms
172.67.156.168,LAX,North America,Los Angeles,784 ms
104.21.197.7,LAX,North America,Los Angeles,785 ms
172.67.153.108,LAX,North America,Los Angeles,785 ms
172.67.188.41,LAX,North America,Los Angeles,787 ms
104.21.72.113,LAX,North America,Los Angeles,788 ms
104.21.124.70,LAX,North America,Los Angeles,789 ms
104.21.55.212,LAX,North America,Los Angeles,790 ms
172.67.174.45,LAX,North America,Los Angeles,790 ms
172.67.238.188,LAX,North America,Los Angeles,791 ms
104.21.194.25,LAX,North America,Los Angeles,791 ms
172.64.81.11,LAX,North America,Los Angeles,791 ms
104.21.110.176,LAX,North America,Los Angeles,793 ms
172.67.176.255,LAX,North America,Los Angeles,793 ms
172.67.249.195,LAX,North America,Los Angeles,795 ms
172.67.192.115,LAX,North America,Los Angeles,796 ms
104.21.220.235,LAX,North America,Los Angeles,796 ms
172.67.184.212,LAX,North America,Los Angeles,797 ms
104.21.118.181,LAX,North America,Los Angeles,797 ms
104.21.5.184,LAX,North America,Los Angeles,798 ms
172.67.169.30,LAX,North America,Los Angeles,798 ms
104.21.42.74,LAX,North America,Los Angeles,802 ms
172.67.149.250,LAX,North America,Los Angeles,802 ms
104.21.56.114,LAX,North America,Los Angeles,802 ms
104.21.15.181,LAX,North America,Los Angeles,802 ms
104.21.78.233,LAX,North America,Los Angeles,804 ms
104.21.61.145,LAX,North America,Los Angeles,807 ms
172.67.206.244,LAX,North America,Los Angeles,810 ms
172.67.196.36,LAX,North America,Los Angeles,810 ms
104.21.94.136,LAX,North America,Los Angeles,810 ms
104.21.36.115,LAX,North America,Los Angeles,811 ms
172.67.182.30,LAX,North America,Los Angeles,812 ms
172.67.154.127,LAX,North America,Los Angeles,813 ms
172.67.152.180,LAX,North America,Los Angeles,815 ms
172.67.163.30,LAX,North America,Los Angeles,815 ms
172.67.148.43,LAX,North America,Los Angeles,817 ms
104.21.31.116,LAX,North America,Los Angeles,818 ms
104.21.102.1,LAX,North America,Los Angeles,818 ms
188.114.97.249,LAX,North America,Los Angeles,819 ms
104.21.53.61,LAX,North America,Los Angeles,823 ms
172.67.200.211,LAX,North America,Los Angeles,824 ms
172.67.142.141,LAX,North America,Los Angeles,827 ms
104.21.100.52,LAX,North America,Los Angeles,827 ms
104.18.54.114,LAX,North America,Los Angeles,843 ms
104.18.56.208,LAX,North America,Los Angeles,855 ms
188.114.99.80,LAX,North America,Los Angeles,858 ms
104.18.62.200,LAX,North America,Los Angeles,869 ms
172.67.228.72,LAX,North America,Los Angeles,880 ms
172.67.209.210,LAX,North America,Los Angeles,888 ms
172.67.187.122,LAX,North America,Los Angeles,889 ms
172.64.235.154,LAX,North America,Los Angeles,891 ms
172.67.207.163,LAX,North America,Los Angeles,891 ms
172.67.221.228,LAX,North America,Los Angeles,901 ms
172.67.135.48,LAX,North America,Los Angeles,903 ms
104.21.115.230,LAX,North America,Los Angeles,903 ms
104.21.210.81,LAX,North America,Los Angeles,903 ms
172.67.245.137,LAX,North America,Los Angeles,904 ms
172.67.215.221,LAX,North America,Los Angeles,905 ms
104.18.59.58,LAX,North America,Los Angeles,906 ms
172.67.144.250,LAX,North America,Los Angeles,906 ms
104.21.34.220,LAX,North America,Los Angeles,906 ms
104.21.120.79,LAX,North America,Los Angeles,907 ms
104.21.222.50,LAX,North America,Los Angeles,908 ms
172.67.133.230,LAX,North America,Los Angeles,908 ms
172.67.199.185,LAX,North America,Los Angeles,909 ms
172.67.147.37,LAX,North America,Los Angeles,909 ms
104.21.219.147,LAX,North America,Los Angeles,910 ms
104.27.207.24,LAX,North America,Los Angeles,911 ms
104.21.65.14,LAX,North America,Los Angeles,911 ms
172.67.203.178,LAX,North America,Los Angeles,912 ms
172.67.137.198,LAX,North America,Los Angeles,913 ms
172.67.155.241,LAX,North America,Los Angeles,914 ms
172.67.218.202,LAX,North America,Los Angeles,914 ms
104.21.70.49,LAX,North America,Los Angeles,915 ms
172.67.178.249,LAX,North America,Los Angeles,916 ms
104.21.97.101,LAX,North America,Los Angeles,918 ms
104.21.30.23,LAX,North America,Los Angeles,920 ms
172.67.161.166,LAX,North America,Los Angeles,922 ms
104.27.205.39,LAX,North America,Los Angeles,922 ms
104.21.52.54,LAX,North America,Los Angeles,923 ms
104.21.221.173,LAX,North America,Los Angeles,928 ms
172.67.128.113,LAX,North America,Los Angeles,931 ms
104.21.28.174,LAX,North America,Los Angeles,933 ms
172.67.141.15,LAX,North America,Los Angeles,933 ms
104.21.9.105,LAX,North America,Los Angeles,934 ms
172.67.131.208,LAX,North America,Los Angeles,943 ms
104.21.10.243,LAX,North America,Los Angeles,944 ms
104.27.202.225,LAX,North America,Los Angeles,944 ms
104.27.199.204,LAX,North America,Los Angeles,984 ms
104.19.132.33,LAX,North America,Los Angeles,986 ms
